"interpretacion","id_interpretacion","edad","id_usuario","id_escuela","grado","id_palabra"
"15 años","1","14","56","4","3","7"
"abandono","2","14","78","4","3","5"
"abandono","2","14","78","4","3","6"
"aborto","3","16","1","8","2","1"
"aborto","3","13","29","8","2","1"
"aborto","3","13","36","8","2","1"
"aborto","3","14","78","4","3","1"
"aborto","3","null","79","8","3","1"
"aborto","3","15","82","8","3","1"
"aborto","3","null","88","8","3","1"
"aborto","3","14","91","8","3","1"
"aborto","3","null","93","8","3","1"
"aborto","3","null","97","8","3","1"
"aborto","3","14","99","8","3","1"
"aborto","3","null","97","8","3","16"
"abuela","4","15","55","4","3","12"
"abuela","4","15","77","4","3","17"
"aburrido","5","13","20","8","2","3"
"aburrido","5","13","6","8","2","13"
"abuso","6","16","1","8","2","2"
"abuso","6","15","96","8","3","2"
"abuso","6","15","70","4","3","6"
"abuso familiar","7","13","18","8","2","6"
"accidente","8","14","56","4","3","1"
"accidente","8","13","9","8","2","16"
"accidentes","9","14","41","4","3","6"
"accidentes","9","14","42","4","3","6"
"accidentes","9","14","64","4","3","6"
"accidentes","9","15","65","4","3","6"
"accidentes","9","15","96","8","3","6"
"aceptación","10","13","14","8","2","10"
"aceptación","10","13","10","8","2","16"
"aceptación","10","13","21","8","2","16"
"aceptación","10","13","25","8","2","16"
"aceptación","10","13","26","8","2","16"
"aceptación","10","13","36","8","2","16"
"aceptación","10","13","37","8","2","16"
"acesinato","11","13","31","8","2","2"
"acogedora","12","14","43","4","3","13"
"acosador","13","14","2","8","2","2"
"acoso","14","14","44","4","3","2"
"acoso cibernético","15","14","68","4","3","2"
"acoso sexual","16","13","25","8","2","2"
"actitud negativa","17","14","23","8","2","2"
"adicción","18","16","1","8","2","5"
"adicción","18","14","2","8","2","5"
"adicción","18","13","10","8","2","5"
"adicción","18","13","14","8","2","5"
"adicción","18","null","15","8","2","5"
"adicción","18","13","18","8","2","5"
"adicción","18","13","21","8","2","5"
"adicción","18","14","23","8","2","5"
"adicción","18","13","25","8","2","5"
"adicción","18","13","28","8","2","5"
"adicción","18","13","30","8","2","5"
"adicción","18","13","37","8","2","5"
"adicción","18","13","38","8","2","5"
"adicción","18","13","39","8","2","5"
"adicción","18","14","40","8","2","5"
"adicción","18","14","41","4","3","5"
"adicción","18","14","42","4","3","5"
"adicción","18","14","43","4","3","5"
"adicción","18","15","46","4","3","5"
"adicción","18","15","48","4","3","5"
"adicción","18","14","49","4","3","5"
"adicción","18","14","52","4","3","5"
"adicción","18","14","62","4","3","5"
"adicción","18","14","64","4","3","5"
"adicción","18","15","65","4","3","5"
"adicción","18","15","70","4","3","5"
"adicción","18","14","72","4","3","5"
"adicción","18","14","78","4","3","5"
"adicción","18","null","79","8","3","5"
"adicción","18","null","80","8","3","5"
"adicción","18","15","82","8","3","5"
"adicción","18","16","84","8","3","5"
"adicción","18","14","86","8","3","5"
"adicción","18","14","87","8","3","5"
"adicción","18","15","89","8","3","5"
"adicción","18","null","90","8","3","5"
"adicción","18","14","91","8","3","5"
"adicción","18","14","92","8","3","5"
"adicción","18","null","93","8","3","5"
"adicción","18","null","94","8","3","5"
"adicción","18","15","96","8","3","5"
"adicción","18","14","99","8","3","5"
"adicción","18","14","100","8","3","5"
"adicción","18","14","101","8","3","5"
"adicción","18","13","26","8","2","6"
"adicción","18","null","90","8","3","6"
"adiós estudios","19","13","11","8","2","1"
"adolescencia","20","16","1","8","2","9"
"adolescencia","20","13","38","8","2","9"
"adolescentes","21","13","30","8","2","1"
"adolescentes","21","13","34","8","2","1"
"adolescentes","21","14","73","4","3","4"
"adolescentes","21","16","1","8","2","5"
"adolescentes","21","14","4","8","2","5"
"adolescentes","21","13","7","8","2","5"
"adolescentes","21","13","9","8","2","5"
"adolescentes","21","13","19","8","2","5"
"afectar","22","13","29","8","2","2"
"afecto","23","null","81","8","3","8"
"afecto","23","15","82","8","3","8"
"afecto","23","14","92","8","3","8"
"afecto","23","null","94","8","3","8"
"afecto","23","15","96","8","3","8"
"afecto","23","null","97","8","3","8"
"afecto","23","null","81","8","3","12"
"afecto","23","15","82","8","3","12"
"afecto","23","15","96","8","3","12"
"afecto","23","14","40","8","2","13"
"agresión","24","16","1","8","2","2"
"agresión","24","16","84","8","3","2"
"agresión","24","null","93","8","3","2"
"agresión","24","14","95","8","3","2"
"agresión","24","15","96","8","3","2"
"albañiles","25","14","50","4","3","2"
"alcohol","26","16","1","8","2","7"
"alcohol","26","14","2","8","2","7"
"alcohol","26","13","3","8","2","7"
"alcohol","26","13","7","8","2","7"
"alcohol","26","13","9","8","2","7"
"alcohol","26","13","12","8","2","7"
"alcohol","26","13","14","8","2","7"
"alcohol","26","13","21","8","2","7"
"alcohol","26","13","25","8","2","7"
"alcohol","26","13","28","8","2","7"
"alcohol","26","13","30","8","2","7"
"alcohol","26","13","34","8","2","7"
"alcohol","26","14","40","8","2","7"
"alcohol","26","14","44","4","3","7"
"alcohol","26","15","47","4","3","7"
"alcohol","26","14","49","4","3","7"
"alcohol","26","14","50","4","3","7"
"alcohol","26","14","54","4","3","7"
"alcohol","26","15","60","4","3","7"
"alcohol","26","15","61","4","3","7"
"alcohol","26","14","63","4","3","7"
"alcohol","26","14","64","4","3","7"
"alcohol","26","14","68","4","3","7"
"alcohol","26","14","69","4","3","7"
"alcohol","26","15","70","4","3","7"
"alcohol","26","null","71","4","3","7"
"alcohol","26","14","72","4","3","7"
"alcohol","26","14","78","4","3","7"
"alcohol","26","15","89","8","3","7"
"alcohol","26","14","92","8","3","7"
"alcohol","26","null","93","8","3","7"
"alcohol","26","15","96","8","3","7"
"alegría","27","16","1","8","2","4"
"alegría","27","14","2","8","2","4"
"alegría","27","13","11","8","2","4"
"alegría","27","13","12","8","2","4"
"alegría","27","13","27","8","2","4"
"alegría","27","15","55","4","3","4"
"alegría","27","14","66","4","3","4"
"alegría","27","14","74","4","3","4"
"alegría","27","null","80","8","3","4"
"alegría","27","15","82","8","3","4"
"alegría","27","16","84","8","3","4"
"alegría","27","14","95","8","3","4"
"alegría","27","null","97","8","3","4"
"alegría","27","13","27","8","2","7"
"alegría","27","15","96","8","3","7"
"alegría","27","null","97","8","3","7"
"alegría","27","15","96","8","3","8"
"algo bonito","28","15","77","4","3","8"
"algo que pasará","29","14","4","8","2","3"
"alrededor","31","13","9","8","2","15"
"alta","32","13","9","8","2","10"
"alta","32","13","27","8","2","10"
"alta","32","13","28","8","2","10"
"alta","32","13","29","8","2","10"
"alta","32","14","41","4","3","10"
"alta","32","14","51","4","3","10"
"alta","32","14","54","4","3","10"
"alta","32","15","55","4","3","10"
"alta","32","14","56","4","3","10"
"alta","32","14","58","4","3","10"
"alta","32","15","60","4","3","10"
"alta","32","15","61","4","3","10"
"alta","32","14","62","4","3","10"
"alta","32","14","69","4","3","10"
"alta","32","15","70","4","3","10"
"alta","32","14","72","4","3","10"
"alta","32","14","73","4","3","10"
"alta","32","15","77","4","3","10"
"alta","32","null","97","8","3","10"
"alta","32","14","98","8","3","10"
"alta","32","14","99","8","3","10"
"alucinación","33","15","82","8","3","5"
"alucinación","33","null","88","8","3","5"
"alucinación","33","15","96","8","3","5"
"alucinación","33","14","99","8","3","5"
"alucinación","33","14","100","8","3","5"
"amarres","34","null","32","8","2","8"
"amarres","34","13","34","8","2","8"
"ambiente","35","14","49","4","3","7"
"ambiente bueno","36","14","23","8","2","17"
"amén","37","15","45","4","3","12"
"amiga","38","14","99","8","3","9"
"amigas","39","14","5","8","2","7"
"amigas","39","13","34","8","2","17"
"amigos","40","14","4","8","2","6"
"amigos","40","null","81","8","3","6"
"amigos","40","14","4","8","2","7"
"amigos","40","13","9","8","2","7"
"amigos","40","13","35","8","2","7"
"amigos","40","14","51","4","3","8"
"amigos","40","14","44","4","3","9"
"amigos","40","13","28","8","2","11"
"amigos","40","14","72","4","3","12"
"amigos","40","null","71","4","3","13"
"amigos","40","14","2","8","2","14"
"amigos","40","13","33","8","2","14"
"amigos","40","13","35","8","2","14"
"amigos","40","14","44","4","3","14"
"amigos","40","null","75","4","3","14"
"amigos","40","13","35","8","2","15"
"amigos","40","13","20","8","2","16"
"amigos","40","13","7","8","2","17"
"amigos","40","13","8","8","2","17"
"amigos","40","13","10","8","2","17"
"amigos","40","13","12","8","2","17"
"amigos","40","14","13","8","2","17"
"amigos","40","13","14","8","2","17"
"amigos","40","null","17","8","2","17"
"amigos","40","13","20","8","2","17"
"amigos","40","13","21","8","2","17"
"amigos","40","13","25","8","2","17"
"amigos","40","13","28","8","2","17"
"amigos","40","13","29","8","2","17"
"amigos","40","13","29","8","2","17"
"amigos","40","13","35","8","2","17"
"amigos","40","13","36","8","2","17"
"amigos","40","13","37","8","2","17"
"amigos","40","13","39","8","2","17"
"amigos","40","14","40","8","2","17"
"amigos","40","14","41","4","3","17"
"amigos","40","15","47","4","3","17"
"amigos","40","15","48","4","3","17"
"amigos","40","14","49","4","3","17"
"amigos","40","14","50","4","3","17"
"amigos","40","15","55","4","3","17"
"amigos","40","14","56","4","3","17"
"amigos","40","14","58","4","3","17"
"amigos","40","15","61","4","3","17"
"amigos","40","14","62","4","3","17"
"amigos","40","14","63","4","3","17"
"amigos","40","14","64","4","3","17"
"amigos","40","14","66","4","3","17"
"amigos","40","14","67","4","3","17"
"amigos","40","14","69","4","3","17"
"amigos","40","15","70","4","3","17"
"amigos","40","14","78","4","3","17"
"amigos","40","null","79","8","3","17"
"amigos","40","null","80","8","3","17"
"amigos","40","null","81","8","3","17"
"amigos","40","15","82","8","3","17"
"amigos","40","null","83","8","3","17"
"amigos","40","16","84","8","3","17"
"amigos","40","14","86","8","3","17"
"amigos","40","14","87","8","3","17"
"amigos","40","null","88","8","3","17"
"amigos","40","15","89","8","3","17"
"amigos","40","14","92","8","3","17"
"amigos","40","null","93","8","3","17"
"amigos","40","null","94","8","3","17"
"amigos","40","14","95","8","3","17"
"amigos","40","15","96","8","3","17"
"amigos","40","null","97","8","3","17"
"amigos","40","14","98","8","3","17"
"amigos","40","14","99","8","3","17"
"amigos nuevos","41","15","77","4","3","7"
"amigos nuevos","41","13","14","8","2","11"
"amistad","42","14","66","4","3","8"
"amor","43","13","31","8","2","1"
"amor","43","14","74","4","3","1"
"amor","43","14","2","8","2","4"
"amor","43","13","10","8","2","4"
"amor","43","null","17","8","2","4"
"amor","43","13","28","8","2","4"
"amor","43","null","32","8","2","4"
"amor","43","13","38","8","2","4"
"amor","43","14","41","4","3","4"
"amor","43","15","55","4","3","4"
"amor","43","14","62","4","3","4"
"amor","43","14","68","4","3","4"
"amor","43","14","78","4","3","4"
"amor","43","13","9","8","2","8"
"amor","43","13","10","8","2","8"
"amor","43","13","18","8","2","8"
"amor","43","13","24","8","2","8"
"amor","43","13","25","8","2","8"
"amor","43","13","27","8","2","8"
"amor","43","13","28","8","2","8"
"amor","43","13","29","8","2","8"
"amor","43","14","41","4","3","8"
"amor","43","14","53","4","3","8"
"amor","43","14","58","4","3","8"
"amor","43","15","61","4","3","8"
"amor","43","14","62","4","3","8"
"amor","43","14","63","4","3","8"
"amor","43","14","64","4","3","8"
"amor","43","14","68","4","3","8"
"amor","43","14","69","4","3","8"
"amor","43","15","70","4","3","8"
"amor","43","14","74","4","3","8"
"amor","43","14","78","4","3","8"
"amor","43","null","80","8","3","8"
"amor","43","15","82","8","3","8"
"amor","43","14","87","8","3","8"
"amor","43","null","90","8","3","8"
"amor","43","15","96","8","3","8"
"amor","43","null","81","8","3","9"
"amor","43","15","82","8","3","9"
"amor","43","15","89","8","3","9"
"amor","43","null","93","8","3","9"
"amor","43","13","28","8","2","10"
"amor","43","13","3","8","2","12"
"amor","43","13","10","8","2","12"
"amor","43","null","17","8","2","12"
"amor","43","13","35","8","2","12"
"amor","43","13","38","8","2","12"
"amor","43","14","40","8","2","12"
"amor","43","14","41","4","3","12"
"amor","43","14","43","4","3","12"
"amor","43","14","53","4","3","12"
"amor","43","null","59","4","3","12"
"amor","43","14","63","4","3","12"
"amor","43","14","66","4","3","12"
"amor","43","15","77","4","3","12"
"amor","43","15","82","8","3","12"
"amor","43","null","88","8","3","12"
"amor","43","15","96","8","3","12"
"amor","43","14","91","8","3","16"
"amor","43","13","35","8","2","17"
"amor propio","44","13","3","8","2","10"
"amor propio","44","14","5","8","2","10"
"amor propio","44","13","24","8","2","10"
"amor propio","44","13","38","8","2","10"
"amor propio","44","14","50","4","3","10"
"amor propio","44","14","53","4","3","10"
"amorosos","45","13","12","8","2","12"
"amorosos","45","14","22","8","2","12"
"animal","46","14","23","8","2","1"
"anime","47","15","45","4","3","8"
"ánimo","48","13","26","8","2","15"
"anticonceptivos","49","14","87","8","3","1"
"anticonceptivos","49","13","9","8","2","9"
"anticonceptivos","49","13","24","8","2","9"
"aparatos ","50","14","49","4","3","11"
"apoyo","51","13","10","8","2","12"
"apoyo","51","13","31","8","2","12"
"apoyo","51","14","41","4","3","12"
"apoyo","51","14","42","4","3","12"
"apoyo","51","null","80","8","3","12"
"apoyo","51","16","84","8","3","12"
"apoyo","51","15","85","8","3","12"
"apoyo","51","14","87","8","3","12"
"apoyo","51","15","89","8","3","12"
"apoyo","51","null","93","8","3","12"
"apoyo","51","null","94","8","3","12"
"apoyo","51","15","96","8","3","12"
"apoyo","51","14","101","8","3","12"
"apoyo","51","null","90","8","3","13"
"apoyo","51","14","5","8","2","16"
"apoyo","51","13","8","8","2","16"
"apoyo","51","13","9","8","2","16"
"apoyo","51","13","12","8","2","16"
"apoyo","51","14","13","8","2","16"
"apoyo","51","null","17","8","2","16"
"apoyo","51","13","19","8","2","16"
"apoyo","51","13","31","8","2","16"
"apoyo","51","13","35","8","2","16"
"apoyo","51","14","50","4","3","16"
"apoyo","51","13","7","8","2","17"
"apoyo","51","13","9","8","2","17"
"apoyo","51","13","12","8","2","17"
"apoyo","51","null","17","8","2","17"
"apoyo","51","14","22","8","2","17"
"apoyo","51","13","30","8","2","17"
"apoyo","51","13","31","8","2","17"
"apoyo en hermanos","52","14","22","8","2","14"
"aprecio","53","14","23","8","2","10"
"aprendizaje","54","13","16","8","2","11"
"arquitecto","55","14","72","4","3","3"
"arquitectura","56","14","62","4","3","3"
"artista","57","14","51","4","3","6"
"autocontrol","58","13","18","8","2","4"
"autocontrol","58","13","28","8","2","4"
"autoestima","59","14","74","4","3","15"
"autoestima baja","60","14","5","8","2","15"
"autoestima baja","60","13","6","8","2","15"
"autoestima baja","60","13","11","8","2","15"
"autoestima baja","60","null","17","8","2","15"
"autoestima baja","60","14","23","8","2","15"
"autoestima baja","60","13","24","8","2","15"
"autoestima baja","60","13","30","8","2","15"
"autoestima baja","60","13","31","8","2","15"
"autoestima baja","60","13","34","8","2","15"
"autoestima baja","60","14","40","8","2","15"
"autoestima baja","60","14","49","4","3","15"
"autoestima baja","60","14","62","4","3","15"
"autoestima baja","60","14","64","4","3","15"
"autoestima baja","60","14","68","4","3","15"
"autoestima baja","60","null","81","8","3","15"
"autoestima baja","60","15","96","8","3","15"
"avance","61","14","78","4","3","3"
"avance","61","14","78","4","3","11"
"avances","62","14","86","8","3","11"
"avanzada","63","14","72","4","3","11"
"aventura","64","13","9","8","2","12"
"ayuda","65","14","76","4","3","12"
"ayuda","65","14","86","8","3","12"
"baboso","66","null","75","4","3","2"
"bacterias","67","13","12","8","2","9"
"bacterias","67","13","30","8","2","9"
"bailar","68","16","1","8","2","7"
"bailar","68","13","29","8","2","7"
"bailar","68","13","33","8","2","7"
"bailar","68","14","42","4","3","7"
"bailar","68","15","45","4","3","7"
"bailar","68","15","96","8","3","7"
"bailar","68","15","46","4","3","9"
"baja","69","16","1","8","2","10"
"baja","69","14","4","8","2","10"
"baja","69","13","6","8","2","10"
"baja","69","13","7","8","2","10"
"baja","69","13","9","8","2","10"
"baja","69","13","11","8","2","10"
"baja","69","14","13","8","2","10"
"baja","69","null","15","8","2","10"
"baja","69","null","17","8","2","10"
"baja","69","13","18","8","2","10"
"baja","69","13","19","8","2","10"
"baja","69","13","20","8","2","10"
"baja","69","13","26","8","2","10"
"baja","69","13","30","8","2","10"
"baja","69","13","31","8","2","10"
"baja","69","null","32","8","2","10"
"baja","69","13","33","8","2","10"
"baja","69","13","34","8","2","10"
"baja","69","13","35","8","2","10"
"baja","69","13","36","8","2","10"
"baja","69","13","37","8","2","10"
"baja","69","13","39","8","2","10"
"baja","69","14","41","4","3","10"
"baja","69","14","42","4","3","10"
"baja","69","15","45","4","3","10"
"baja","69","15","46","4","3","10"
"baja","69","15","47","4","3","10"
"baja","69","14","49","4","3","10"
"baja","69","14","64","4","3","10"
"baja","69","15","65","4","3","10"
"baja","69","14","67","4","3","10"
"baja","69","14","68","4","3","10"
"baja","69","null","79","8","3","10"
"balazo","70","null","75","4","3","1"
"bebé","71","16","1","8","2","1"
"bebé","71","14","2","8","2","1"
"bebé","71","13","12","8","2","1"
"bebé","71","14","13","8","2","1"
"bebé","71","13","19","8","2","1"
"bebé","71","13","20","8","2","1"
"bebé","71","13","21","8","2","1"
"bebé","71","14","23","8","2","1"
"bebé","71","13","24","8","2","1"
"bebé","71","13","26","8","2","1"
"bebé","71","13","28","8","2","1"
"bebé","71","13","29","8","2","1"
"bebé","71","13","38","8","2","1"
"bebé","71","13","39","8","2","1"
"bebé","71","14","41","4","3","1"
"bebé","71","15","46","4","3","1"
"bebé","71","14","50","4","3","1"
"bebé","71","14","57","4","3","1"
"bebé","71","14","62","4","3","1"
"bebé","71","14","64","4","3","1"
"bebé","71","14","66","4","3","1"
"bebé","71","14","69","4","3","1"
"bebé","71","14","78","4","3","1"
"bebé","71","15","85","8","3","1"
"bebé","71","13","11","8","2","9"
"bebé","71","13","16","8","2","9"
"bebé","71","13","20","8","2","9"
"bebé","71","13","21","8","2","9"
"bebé","71","13","37","8","2","9"
"bebé","71","13","38","8","2","9"
"bebé","71","14","95","8","3","9"
"bendición","72","null","15","8","2","1"
"besos","73","null","75","4","3","8"
"bien dirigida","74","14","72","4","3","16"
"bienestar","75","15","82","8","3","13"
"bienestar","75","15","96","8","3","13"
"biología","76","14","64","4","3","16"
"bipolaridad","77","14","23","8","2","4"
"borracho","78","14","2","8","2","6"
"borracho","78","14","50","4","3","6"
"borracho","78","15","61","4","3","6"
"borracho","78","14","62","4","3","6"
"borracho","78","14","63","4","3","6"
"borracho","78","null","80","8","3","6"
"borracho","78","15","82","8","3","6"
"borracho","78","null","97","8","3","6"
"borracho","78","16","1","8","2","12"
"borrachos","79","14","53","4","3","6"
"borrachos","79","14","50","4","3","7"
"borrachos","79","14","4","8","2","12"
"brusco","80","null","81","8","3","14"
"buena","81","null","88","8","3","10"
"buena","81","15","89","8","3","10"
"buena","81","14","95","8","3","10"
"buena","81","15","96","8","3","10"
"buenas","82","14","72","4","3","4"
"bueno","83","14","43","4","3","1"
"bueno","83","15","61","4","3","3"
"buenos","84","14","13","8","2","12"
"buenos","84","null","15","8","2","12"
"buenos","84","13","16","8","2","12"
"buenos","84","13","30","8","2","12"
"buenos","84","13","39","8","2","12"
"bullying","85","13","28","8","2","2"
"bullying","85","14","53","4","3","2"
"bullying","85","14","76","4","3","2"
"bullying","85","14","87","8","3","2"
"bullying","85","null","88","8","3","2"
"bullying","85","15","89","8","3","2"
"bullying","85","14","92","8","3","2"
"bullying","85","null","97","8","3","2"
"bullying","85","14","99","8","3","2"
"bullying","85","null","93","8","3","10"
"buscapleitos","86","null","71","4","3","14"
"cachondeo","87","13","11","8","2","7"
"caguamas","88","15","47","4","3","6"
"calentura","89","15","47","4","3","1"
"calentura","89","14","49","4","3","1"
"calentura","89","14","50","4","3","1"
"calentura","89","13","18","8","2","7"
"calle","90","15","70","4","3","2"
"calle","90","14","50","4","3","5"
"cama","91","13","37","8","2","7"
"cama","91","13","36","8","2","13"
"cama","91","13","37","8","2","13"
"cama","91","15","45","4","3","13"
"cama","91","13","18","8","2","15"
"cambio climático","92","15","70","4","3","3"
"campeón mundial","93","null","75","4","3","3"
"canción","94","14","50","4","3","15"
"cantón","95","15","46","4","3","13"
"cantón","95","null","88","8","3","13"
"carácter","96","13","7","8","2","4"
"carácter","96","13","21","8","2","4"
"carácter","96","14","23","8","2","4"
"cárcel","97","14","78","4","3","6"
"cariño","98","14","50","4","3","8"
"cariño","98","null","80","8","3","8"
"cariño","98","14","42","4","3","12"
"cariño","98","14","49","4","3","12"
"cariño","98","14","50","4","3","12"
"cariño","98","14","58","4","3","12"
"cariño","98","14","86","8","3","12"
"cariño","98","null","93","8","3","12"
"cariño","98","null","97","8","3","12"
"carrera","99","13","7","8","2","3"
"carrera","99","13","12","8","2","3"
"carrera","99","13","28","8","2","3"
"carrera","99","13","30","8","2","3"
"carrera","99","13","38","8","2","3"
"carrera","99","15","46","4","3","3"
"carrera","99","null","71","4","3","3"
"carrera","99","14","87","8","3","3"
"carro","100","13","6","8","2","3"
"carro","100","13","14","8","2","3"
"casa","101","13","25","8","2","3"
"casa","101","14","50","4","3","13"
"casa","101","15","85","8","3","13"
"casa","101","14","99","8","3","13"
"casa estable","102","13","3","8","2","13"
"casados","103","14","40","8","2","8"
"castigo","104","13","18","8","2","1"
"castigos","105","15","82","8","3","12"
"castigos","105","16","84","8","3","12"
"castigos","105","null","90","8","3","12"
"castigos","105","14","92","8","3","12"
"casual","106","13","33","8","2","15"
"cauidar","107","14","67","4","3","1"
"celos","108","13","8","8","2","8"
"celos","108","13","12","8","2","8"
"celos","108","13","35","8","2","8"
"celular","109","14","4","8","2","11"
"celular","109","13","6","8","2","11"
"celular","109","13","7","8","2","11"
"celular","109","13","12","8","2","11"
"celular","109","null","15","8","2","11"
"celular","109","null","17","8","2","11"
"celular","109","13","19","8","2","11"
"celular","109","13","21","8","2","11"
"celular","109","13","25","8","2","11"
"celular","109","13","27","8","2","11"
"celular","109","13","36","8","2","11"
"celular","109","14","49","4","3","11"
"celular","109","14","52","4","3","11"
"celular","109","14","53","4","3","11"
"celular","109","15","55","4","3","11"
"celular","109","14","56","4","3","11"
"celular","109","14","62","4","3","11"
"celular","109","14","64","4","3","11"
"celular","109","14","68","4","3","11"
"celular","109","14","74","4","3","11"
"celular","109","15","77","4","3","11"
"celular","109","14","87","8","3","11"
"celular","109","15","89","8","3","11"
"celular","109","null","90","8","3","11"
"celular","109","null","94","8","3","11"
"celular","109","15","96","8","3","11"
"chasty","110","15","45","4","3","17"
"chat","111","13","27","8","2","11"
"chidos","112","null","80","8","3","4"
"china","113","15","48","4","3","11"
"china","113","14","50","4","3","11"
"china","113","14","54","4","3","11"
"china","113","14","62","4","3","11"
"china","113","14","73","4","3","11"
"chiquillos","114","15","55","4","3","9"
"cigarros","115","14","68","4","3","5"
"cirrosis","116","13","7","8","2","6"
"cocaína","117","13","26","8","2","5"
"cocaína","117","13","36","8","2","5"
"cocaína","117","14","69","4","3","5"
"cocaína","117","14","76","4","3","5"
"cocaína","117","14","87","8","3","5"
"cocaína","117","15","96","8","3","5"
"cocaína","117","null","97","8","3","5"
"coger","118","14","52","4","3","8"
"coherencia","119","14","100","8","3","8"
"coito","120","14","58","4","3","1"
"coito","120","14","62","4","3","1"
"colaboración","121","14","86","8","3","8"
"comer","122","14","49","4","3","13"
"comida","123","15","45","4","3","3"
"comida","123","16","1","8","2","7"
"comida","123","13","39","8","2","7"
"comida","123","14","41","4","3","7"
"comida","123","13","11","8","2","13"
"comida","123","14","42","4","3","13"
"comida","123","14","50","4","3","13"
"comida","123","14","54","4","3","13"
"comodidad","124","13","37","8","2","7"
"comodidad","124","14","91","8","3","12"
"comodidad","124","13","7","8","2","13"
"comodidad","124","null","17","8","2","13"
"comodidad","124","13","21","8","2","13"
"comodidad","124","13","25","8","2","13"
"comodidad","124","13","37","8","2","13"
"comodidad","124","13","39","8","2","13"
"comodidad","124","14","42","4","3","13"
"comodidad","124","14","49","4","3","13"
"comodidad","124","14","62","4","3","13"
"comodidad","124","14","63","4","3","13"
"comodidad","124","15","82","8","3","13"
"comodidad","124","null","83","8","3","13"
"comodidad","124","14","86","8","3","13"
"comodidad","124","14","87","8","3","13"
"comodidad","124","null","88","8","3","13"
"comodidad","124","15","96","8","3","13"
"compañerismo","125","null","80","8","3","8"
"compañerismo","125","null","81","8","3","8"
"compañero","30","null","71","4","3","5"
"compañero","30","null","71","4","3","6"
"compañero","30","14","72","4","3","6"
"compañero","30","14","73","4","3","6"
"compañero","30","null","71","4","3","8"
"compañero","30","null","71","4","3","9"
"compañero","30","null","71","4","3","10"
"compañero","30","15","46","4","3","16"
"compañero","30","15","46","4","3","17"
"compañero","30","14","54","4","3","17"
"compañeros","126","14","73","4","3","15"
"compartir","127","15","85","8","3","7"
"comprensión","128","14","49","4","3","12"
"compromiso","129","13","28","8","2","1"
"compromiso","129","13","35","8","2","1"
"computadora","130","13","34","8","2","11"
"computadora","130","null","97","8","3","11"
"computadoras","131","14","53","4","3","11"
"comunicación","132","null","80","8","3","11"
"conalep","133","14","51","4","3","1"
"conalep","133","14","54","4","3","1"
"conalep","133","14","50","4","3","9"
"concejos","134","13","19","8","2","17"
"condón","135","14","40","8","2","1"
"condón","135","14","50","4","3","1"
"condón","135","15","85","8","3","1"
"condón","135","14","99","8","3","1"
"condón","135","13","3","8","2","7"
"condón","135","14","2","8","2","9"
"condón","135","13","3","8","2","9"
"condón","135","13","9","8","2","9"
"condón","135","13","19","8","2","9"
"condón","135","13","21","8","2","9"
"condón","135","13","30","8","2","9"
"condón","135","13","34","8","2","9"
"condón","135","13","39","8","2","9"
"condón","135","null","71","4","3","9"
"condón","135","14","74","4","3","9"
"condón","135","null","32","8","2","16"
"condón","135","14","40","8","2","16"
"condón","135","14","52","4","3","16"
"condón","135","14","98","8","3","16"
"confesar ","136","14","57","4","3","17"
"confianza","137","14","44","4","3","8"
"confianza","137","14","49","4","3","8"
"confianza","137","14","62","4","3","8"
"confianza","137","null","80","8","3","9"
"confianza","137","null","81","8","3","9"
"confianza","137","14","86","8","3","9"
"confianza","137","14","87","8","3","9"
"confianza","137","15","96","8","3","9"
"confianza","137","14","99","8","3","9"
"confianza","137","14","100","8","3","9"
"confianza","137","14","86","8","3","10"
"confianza","137","13","24","8","2","12"
"confianza","137","14","44","4","3","12"
"confianza","137","14","49","4","3","12"
"confianza","137","15","77","4","3","12"
"confianza","137","14","78","4","3","12"
"confianza","137","null","80","8","3","12"
"confianza","137","null","81","8","3","12"
"confianza","137","15","96","8","3","13"
"conflicto","138","13","30","8","2","14"
"conflicto","138","14","56","4","3","14"
"conflicto con sí mismo","139","null","32","8","2","14"
"confort","140","15","65","4","3","13"
"confusión","141","null","79","8","3","4"
"confusión","141","14","86","8","3","4"
"confusión","141","null","93","8","3","4"
"confusión","141","14","100","8","3","4"
"confusión","141","14","101","8","3","4"
"confusión","141","14","43","4","3","16"
"conocimiento","142","13","24","8","2","16"
"conocimiento","142","14","42","4","3","16"
"conquistantar","143","null","32","8","2","11"
"consecuencia","144","13","12","8","2","5"
"consecuencia","144","13","28","8","2","5"
"consecuencias","145","14","5","8","2","8"
"consecuencias","145","13","28","8","2","8"
"consecuencias","145","14","5","8","2","11"
"consejos","146","null","80","8","3","12"
"consejos","146","null","81","8","3","12"
"consejos","146","14","87","8","3","12"
"consejos","146","null","93","8","3","12"
"consejos","146","15","96","8","3","12"
"consejos","146","14","98","8","3","12"
"consejos","146","14","68","4","3","16"
"consejos","146","16","84","8","3","16"
"consejos","146","14","99","8","3","16"
"consejos","146","14","86","8","3","17"
"consentimiento","147","16","1","8","2","9"
"consentimiento","147","13","18","8","2","9"
"consentimiento","147","13","35","8","2","9"
"consentir","148","15","46","4","3","12"
"consolas","149","15","96","8","3","11"
"contento","150","14","100","8","3","4"
"convivencia","151","13","10","8","2","7"
"cooperación","152","14","22","8","2","7"
"corea ","153","14","67","4","3","11"
"coronavirus","154","13","36","8","2","3"
"correcciones","155","null","81","8","3","12"
"cortar venas","156","15","55","4","3","15"
"cortarse","157","13","19","8","2","15"
"cortes","158","14","56","4","3","4"
"cortes","158","14","56","4","3","10"
"crecer","159","null","88","8","3","3"
"crecer","159","15","85","8","3","13"
"crecimiento","160","14","49","4","3","3"
"creer","161","13","11","8","2","17"
"creer","161","13","12","8","2","17"
"creer","161","13","21","8","2","17"
"creer","161","15","85","8","3","17"
"creidos","162","null","71","4","3","14"
"crianza","163","14","57","4","3","13"
"cristal","164","13","36","8","2","5"
"cruda","165","13","12","8","2","6"
"cruda","165","14","22","8","2","6"
"cruda","165","14","40","8","2","6"
"cruda","165","null","80","8","3","6"
"cruda","165","14","86","8","3","6"
"cruda","165","null","93","8","3","6"
"crush","166","null","32","8","2","3"
"crush","166","null","17","8","2","8"
"cuidado","167","15","77","4","3","16"
"cuidados","168","15","96","8","3","12"
"cuidados","168","13","10","8","2","16"
"cuidarse","169","15","55","4","3","16"
"cuidarse","169","14","67","4","3","16"
"daño","170","15","61","4","3","5"
"daño","170","15","85","8","3","6"
"daño físico","171","13","35","8","2","2"
"daño mental","172","13","35","8","2","2"
"daños","173","14","66","4","3","5"
"daños","173","14","67","4","3","6"
"daños a la salud","174","13","9","8","2","5"
"daños a la salud","174","null","80","8","3","5"
"daños a la salud","174","15","85","8","3","5"
"daños emocionales","175","13","35","8","2","4"
"datos","176","14","40","8","2","11"
"decesperación","177","13","9","8","2","8"
"decisiones","178","14","23","8","2","14"
"depresión","179","null","32","8","2","2"
"depresión","179","13","19","8","2","14"
"depresión","179","14","42","4","3","15"
"derechos","180","13","9","8","2","2"
"derechos","180","14","69","4","3","16"
"derechos","180","15","70","4","3","16"
"desastre","181","14","91","8","3","7"
"descanso","182","13","8","8","2","13"
"descanso","182","13","10","8","2","13"
"descanso","182","13","16","8","2","13"
"desconfianza","183","16","1","8","2","8"
"desconfianza","183","13","7","8","2","8"
"desconfianza","183","13","12","8","2","8"
"desconfianza","183","14","13","8","2","8"
"desconfianza","183","13","21","8","2","8"
"desconfianza","183","13","30","8","2","8"
"desconfianza","183","13","31","8","2","8"
"desconfianza","183","13","35","8","2","8"
"desconfianza","183","13","38","8","2","8"
"descontrol","184","15","70","4","3","4"
"desepción","185","13","35","8","2","4"
"desepción","185","13","35","8","2","8"
"desepcionante","186","13","35","8","2","10"
"desinfectar","187","15","45","4","3","6"
"desinformación","188","14","23","8","2","5"
"desorden","189","13","3","8","2","7"
"desorden","189","13","26","8","2","7"
"desperdicio de dinero","190","14","57","4","3","6"
"desperdicio de dinero","190","14","57","4","3","8"
"desperdicio de dinero","190","null","59","4","3","8"
"desperdicio de tiempo","191","14","57","4","3","8"
"destino","192","13","16","8","2","3"
"destino","192","13","21","8","2","3"
"destino","192","14","23","8","2","3"
"destino","192","13","27","8","2","3"
"destino","192","14","57","4","3","3"
"destrucción","193","15","45","4","3","14"
"desvirginado","194","null","88","8","3","7"
"diálogo","195","null","83","8","3","14"
"diálogo","195","16","84","8","3","14"
"diálogo","195","14","86","8","3","14"
"diálogo","195","null","88","8","3","14"
"diálogo","195","null","90","8","3","14"
"diálogo","195","14","99","8","3","14"
"dialogos","196","15","96","8","3","14"
"diario","197","14","73","4","3","9"
"diario","197","14","56","4","3","14"
"diario","197","14","56","4","3","15"
"diario","197","14","67","4","3","15"
"diferentes cosas","198","15","85","8","3","4"
"diferentes gustos","199","null","80","8","3","16"
"dinero","200","13","9","8","2","1"
"dinero","200","13","28","8","2","1"
"dinero","200","13","9","8","2","3"
"dinero","200","14","76","4","3","3"
"dinero","200","14","86","8","3","3"
"dinero","200","null","75","4","3","5"
"dinero","200","14","76","4","3","5"
"dinero","200","15","55","4","3","7"
"dinero","200","14","72","4","3","7"
"dinero","200","14","50","4","3","8"
"dinero","200","14","62","4","3","8"
"dinero","200","14","67","4","3","8"
"dinero","200","13","9","8","2","9"
"dinero","200","13","33","8","2","12"
"dinero","200","13","9","8","2","13"
"dinero","200","13","12","8","2","13"
"discusión","201","13","10","8","2","14"
"discusiones","202","14","49","4","3","14"
"discusiones","202","14","62","4","3","14"
"distracción","203","14","92","8","3","11"
"diversidad","204","14","4","8","2","4"
"diversidad","204","14","23","8","2","4"
"diversidad","204","13","33","8","2","4"
"diversidad","204","13","38","8","2","4"
"diversidad","204","13","33","8","2","16"
"diversión","205","15","61","4","3","4"
"diversión","205","13","16","8","2","5"
"diversión","205","13","33","8","2","5"
"diversión","205","13","9","8","2","6"
"diversión","205","13","19","8","2","6"
"diversión","205","14","22","8","2","6"
"diversión","205","13","31","8","2","6"
"diversión","205","14","41","4","3","6"
"diversión","205","15","77","4","3","6"
"diversión","205","null","81","8","3","6"
"diversión","205","13","6","8","2","7"
"diversión","205","13","9","8","2","7"
"diversión","205","13","10","8","2","7"
"diversión","205","13","12","8","2","7"
"diversión","205","14","13","8","2","7"
"diversión","205","null","15","8","2","7"
"diversión","205","13","16","8","2","7"
"diversión","205","null","17","8","2","7"
"diversión","205","13","19","8","2","7"
"diversión","205","13","20","8","2","7"
"diversión","205","13","21","8","2","7"
"diversión","205","14","23","8","2","7"
"diversión","205","13","24","8","2","7"
"diversión","205","13","25","8","2","7"
"diversión","205","13","27","8","2","7"
"diversión","205","13","28","8","2","7"
"diversión","205","13","31","8","2","7"
"diversión","205","13","38","8","2","7"
"diversión","205","14","41","4","3","7"
"diversión","205","14","44","4","3","7"
"diversión","205","15","46","4","3","7"
"diversión","205","15","48","4","3","7"
"diversión","205","14","50","4","3","7"
"diversión","205","14","52","4","3","7"
"diversión","205","14","53","4","3","7"
"diversión","205","null","59","4","3","7"
"diversión","205","14","62","4","3","7"
"diversión","205","14","63","4","3","7"
"diversión","205","14","78","4","3","7"
"diversión","205","null","79","8","3","7"
"diversión","205","null","80","8","3","7"
"diversión","205","15","82","8","3","7"
"diversión","205","null","83","8","3","7"
"diversión","205","15","85","8","3","7"
"diversión","205","14","86","8","3","7"
"diversión","205","14","87","8","3","7"
"diversión","205","null","93","8","3","7"
"diversión","205","null","94","8","3","7"
"diversión","205","14","98","8","3","7"
"diversión","205","14","99","8","3","7"
"diversión","205","14","100","8","3","7"
"diversión","205","14","101","8","3","7"
"diversión","205","14","52","4","3","9"
"diversión","205","null","79","8","3","11"
"diversión","205","null","93","8","3","11"
"diversión","205","14","99","8","3","11"
"divertido","206","13","37","8","2","9"
"divorcio","207","13","7","8","2","12"
"divorcio","207","13","19","8","2","12"
"divorcio","207","13","34","8","2","12"
"divorcio","207","13","38","8","2","12"
"divorcio","207","14","68","4","3","12"
"dolor","208","14","91","8","3","14"
"domingo","209","13","11","8","2","12"
"dormir","210","14","44","4","3","13"
"dormir","210","15","47","4","3","13"
"dormir","210","14","52","4","3","13"
"dormir","210","15","61","4","3","13"
"drama","211","13","7","8","2","14"
"drama","211","14","42","4","3","14"
"drogas","212","13","7","8","2","7"
"drogas","212","13","9","8","2","7"
"drogas","212","13","16","8","2","7"
"drogas","212","13","33","8","2","7"
"drogas","212","13","36","8","2","7"
"drogas","212","14","54","4","3","7"
"drogas","212","14","67","4","3","7"
"drogas","212","14","68","4","3","7"
"drogas","212","null","71","4","3","7"
"drogas","212","14","72","4","3","7"
"drogas","212","null","90","8","3","7"
"drogas","212","null","93","8","3","7"
"drogas","212","14","95","8","3","7"
"drogas","212","15","96","8","3","7"
"drogas","212","14","99","8","3","7"
"dudas","213","15","96","8","3","1"
"ebriedad","214","16","1","8","2","6"
"ebriedad","214","13","8","8","2","6"
"ebriedad","214","13","38","8","2","6"
"ego alto","215","13","9","8","2","10"
"ejemplo","216","13","28","8","2","6"
"ejemplo","216","13","10","8","2","12"
"ejemplo","216","13","28","8","2","12"
"elución","217","null","88","8","3","8"
"embarazo","218","13","9","8","2","6"
"embarazo","218","16","1","8","2","8"
"embarazo","218","14","5","8","2","8"
"embarazo","218","13","3","8","2","9"
"embarazo","218","14","13","8","2","9"
"embarazo","218","13","25","8","2","9"
"embarazo","218","13","31","8","2","9"
"embarazo","218","13","36","8","2","9"
"embarazo","218","14","44","4","3","9"
"embarazo","218","15","48","4","3","9"
"embarazo","218","14","49","4","3","9"
"embarazo","218","14","50","4","3","9"
"embarazo","218","14","58","4","3","9"
"embarazo","218","14","62","4","3","9"
"embarazo","218","14","64","4","3","9"
"embarazo","218","15","82","8","3","9"
"embarazo","218","14","86","8","3","9"
"embarazo","218","14","91","8","3","9"
"embarazo","218","null","93","8","3","9"
"embarazo","218","15","96","8","3","9"
"embarazo","218","null","97","8","3","9"
"embarazo adolescente","219","14","23","8","2","7"
"embarazos","220","14","68","4","3","9"
"emoción","221","15","96","8","3","7"
"emociones","222","14","76","4","3","4"
"emociones","222","13","10","8","2","10"
"emociones","222","13","12","8","2","10"
"emociones","222","13","16","8","2","10"
"emociones","222","14","23","8","2","10"
"emociones","222","15","48","4","3","10"
"emociones","222","15","85","8","3","10"
"emociones","222","null","94","8","3","10"
"en los cielos","223","14","22","8","2","10"
"enfermedades","224","13","6","8","2","5"
"enfermedades","224","null","17","8","2","5"
"enfermedades","224","14","86","8","3","5"
"enfermedades","224","13","6","8","2","6"
"enfermedades","224","13","29","8","2","6"
"enfermedades","224","14","40","8","2","9"
"enfermedades","224","14","50","4","3","9"
"enfermedades","224","15","65","4","3","9"
"enfermedades","224","14","86","8","3","9"
"enfermedades","224","15","65","4","3","16"
"engaño","225","13","14","8","2","8"
"engaños","226","15","65","4","3","8"
"enojo","227","13","9","8","2","4"
"enojo","227","15","55","4","3","4"
"enojo","227","15","96","8","3","4"
"enojo","227","13","28","8","2","8"
"enojo","227","13","9","8","2","12"
"enojo","227","14","66","4","3","14"
"enojo","227","14","69","4","3","14"
"entretenimiento","228","13","31","8","2","11"
"entretenimiento","228","null","83","8","3","11"
"entretenimiento","228","null","88","8","3","11"
"escuela","229","14","54","4","3","2"
"escuela","229","14","50","4","3","14"
"escuela","229","13","9","8","2","16"
"españa","230","14","101","8","3","10"
"estrés","231","14","92","8","3","4"
"estrés","231","15","96","8","3","4"
"estudio","232","14","50","4","3","3"
"estudios","233","13","28","8","2","1"
"estudios","233","13","10","8","2","3"
"estudios","233","14","23","8","2","3"
"estudios","233","13","25","8","2","3"
"estudios","233","13","28","8","2","3"
"estudios","233","13","29","8","2","3"
"estudios","233","13","34","8","2","3"
"estudios","233","14","40","8","2","3"
"estudios","233","14","51","4","3","3"
"estudios","233","14","62","4","3","3"
"estudios","233","14","64","4","3","3"
"estudios","233","15","77","4","3","3"
"estudios","233","null","80","8","3","3"
"estudios","233","15","82","8","3","3"
"estudios","233","15","85","8","3","3"
"estudios","233","null","90","8","3","3"
"estudios","233","null","93","8","3","3"
"estudios","233","15","96","8","3","3"
"estudios","233","14","99","8","3","3"
"etapa","234","15","85","8","3","8"
"exitación","235","14","76","4","3","9"
"éxito","236","14","52","4","3","3"
"éxito","236","null","80","8","3","3"
"experiencia","237","14","50","4","3","4"
"experimentación","238","null","32","8","2","5"
"éxtasis ","239","15","55","4","3","5"
"facebook","240","13","28","8","2","11"
"falta de información","241","null","93","8","3","1"
"falta de padres","242","16","1","8","2","15"
"falta de padres","242","13","7","8","2","15"
"falta de padres","242","13","16","8","2","15"
"falta de respeto","243","13","9","8","2","2"
"familia","244","16","1","8","2","1"
"familia","244","13","6","8","2","1"
"familia","244","13","9","8","2","1"
"familia","244","13","10","8","2","1"
"familia","244","13","12","8","2","1"
"familia","244","13","14","8","2","1"
"familia","244","13","16","8","2","1"
"familia","244","null","17","8","2","1"
"familia","244","14","23","8","2","1"
"familia","244","13","27","8","2","1"
"familia","244","13","38","8","2","1"
"familia","244","15","48","4","3","1"
"familia","244","14","73","4","3","1"
"familia","244","14","78","4","3","1"
"familia","244","13","9","8","2","3"
"familia","244","13","10","8","2","3"
"familia","244","13","14","8","2","3"
"familia","244","13","25","8","2","3"
"familia","244","13","28","8","2","3"
"familia","244","13","34","8","2","3"
"familia","244","14","41","4","3","3"
"familia","244","15","48","4","3","3"
"familia","244","14","87","8","3","3"
"familia","244","13","3","8","2","6"
"familia","244","14","66","4","3","9"
"familia","244","13","21","8","2","12"
"familia","244","14","23","8","2","12"
"familia","244","13","27","8","2","12"
"familia","244","13","29","8","2","12"
"familia","244","14","52","4","3","12"
"familia","244","14","53","4","3","12"
"familia","244","14","54","4","3","12"
"familia","244","14","64","4","3","12"
"familia","244","null","88","8","3","12"
"familia","244","13","10","8","2","13"
"familia","244","13","12","8","2","13"
"familia","244","13","14","8","2","13"
"familia","244","13","21","8","2","13"
"familia","244","13","24","8","2","13"
"familia","244","13","35","8","2","13"
"familia","244","14","53","4","3","13"
"familia","244","14","53","4","3","13"
"familia","244","14","64","4","3","13"
"familia","244","14","68","4","3","13"
"familia","244","15","70","4","3","13"
"familia","244","15","77","4","3","13"
"familia","244","null","81","8","3","13"
"familia","244","16","84","8","3","13"
"familia","244","15","85","8","3","13"
"familia","244","14","87","8","3","13"
"familia","244","14","95","8","3","13"
"familia","244","15","96","8","3","13"
"familia","244","14","99","8","3","13"
"familia","244","14","51","4","3","14"
"familia","244","13","35","8","2","17"
"familia","244","14","52","4","3","17"
"familia","244","14","53","4","3","17"
"familia","244","15","55","4","3","17"
"familia","244","15","61","4","3","17"
"familia","244","14","63","4","3","17"
"familia","244","null","79","8","3","17"
"familia","244","null","81","8","3","17"
"familia","244","null","83","8","3","17"
"familia","244","null","94","8","3","17"
"familia","244","14","99","8","3","17"
"familia unida","245","13","34","8","2","13"
"familia unida","245","13","38","8","2","13"
"familiares","246","14","13","8","2","14"
"familiares","246","13","34","8","2","14"
"felicidad","247","13","3","8","2","1"
"felicidad","247","13","3","8","2","4"
"felicidad","247","13","9","8","2","4"
"felicidad","247","null","17","8","2","4"
"felicidad","247","14","23","8","2","4"
"felicidad","247","13","25","8","2","4"
"felicidad","247","13","29","8","2","4"
"felicidad","247","13","34","8","2","4"
"felicidad","247","13","36","8","2","4"
"felicidad","247","13","39","8","2","4"
"felicidad","247","14","41","4","3","4"
"felicidad","247","14","42","4","3","4"
"felicidad","247","15","46","4","3","4"
"felicidad","247","14","50","4","3","4"
"felicidad","247","14","52","4","3","4"
"felicidad","247","14","53","4","3","4"
"felicidad","247","14","58","4","3","4"
"felicidad","247","14","62","4","3","4"
"felicidad","247","14","63","4","3","4"
"felicidad","247","15","65","4","3","4"
"felicidad","247","14","69","4","3","4"
"felicidad","247","15","77","4","3","4"
"felicidad","247","14","78","4","3","4"
"felicidad","247","null","79","8","3","4"
"felicidad","247","null","80","8","3","4"
"felicidad","247","15","82","8","3","4"
"felicidad","247","null","83","8","3","4"
"felicidad","247","14","87","8","3","4"
"felicidad","247","15","89","8","3","4"
"felicidad","247","null","90","8","3","4"
"felicidad","247","14","91","8","3","4"
"felicidad","247","null","94","8","3","4"
"felicidad","247","14","98","8","3","4"
"felicidad","247","14","99","8","3","4"
"felicidad","247","14","73","4","3","7"
"felicidad","247","14","2","8","2","8"
"felicidad","247","null","88","8","3","8"
"felicidad","247","null","83","8","3","10"
"felicidad","247","13","9","8","2","12"
"felicidad","247","14","41","4","3","12"
"felicitaciones","248","14","66","4","3","7"
"feliz","249","14","44","4","3","10"
"feliz","249","14","52","4","3","10"
"festejar","250","15","85","8","3","7"
"festejo","251","14","74","4","3","7"
"fidelidad","252","14","41","4","3","8"
"fidelidad","252","13","10","8","2","17"
"fiel","253","14","22","8","2","8"
"fiel","253","16","1","8","2","17"
"fiesta","254","16","1","8","2","6"
"fiesta","254","13","9","8","2","6"
"fiesta","254","13","10","8","2","6"
"fiesta","254","13","12","8","2","6"
"fiesta","254","14","13","8","2","6"
"fiesta","254","13","14","8","2","6"
"fiesta","254","13","16","8","2","6"
"fiesta","254","null","17","8","2","6"
"fiesta","254","13","20","8","2","6"
"fiesta","254","13","21","8","2","6"
"fiesta","254","13","30","8","2","6"
"fiesta","254","null","32","8","2","6"
"fiesta","254","13","33","8","2","6"
"fiesta","254","13","35","8","2","6"
"fiesta","254","13","38","8","2","6"
"fiesta","254","13","39","8","2","6"
"fiesta","254","15","48","4","3","6"
"fiesta","254","14","58","4","3","6"
"fiesta","254","14","68","4","3","6"
"fiesta","254","14","69","4","3","6"
"fiesta","254","null","75","4","3","6"
"fiesta","254","15","82","8","3","6"
"fiesta","254","null","83","8","3","6"
"fiesta","254","14","92","8","3","6"
"fiesta","254","null","93","8","3","6"
"fiesta","254","null","94","8","3","6"
"fiesta","254","15","96","8","3","6"
"fiesta","254","14","98","8","3","6"
"fiesta","254","14","99","8","3","6"
"fiesta","254","14","42","4","3","7"
"fiestas","255","15","47","4","3","5"
"fiestas","255","14","62","4","3","6"
"fingir","256","null","32","8","2","15"
"físico","257","13","34","8","2","2"
"fondo","258","13","37","8","2","6"
"force ","259","14","57","4","3","14"
"ford","260","14","51","4","3","7"
"frecuente","261","14","72","4","3","9"
"futbol","262","13","11","8","2","3"
"futuro","263","13","9","8","2","1"
"futuro","263","13","9","8","2","5"
"futuro","263","14","23","8","2","11"
"futuro","263","13","24","8","2","11"
"futuro","263","13","33","8","2","11"
"futuro","263","14","49","4","3","11"
"futuro","263","14","50","4","3","11"
"futuro","263","14","58","4","3","11"
"futuro","263","null","59","4","3","11"
"futuro","263","14","62","4","3","11"
"futuro","263","15","70","4","3","11"
"futuro","263","14","76","4","3","11"
"futuro","263","14","78","4","3","11"
"futuro","263","null","93","8","3","11"
"futuro","263","14","98","8","3","11"
"gastos","264","13","9","8","2","3"
"gay","265","15","46","4","3","9"
"gay","265","null","15","8","2","16"
"gay","265","15","45","4","3","16"
"género","266","14","22","8","2","9"
"género","266","15","47","4","3","9"
"género","266","14","53","4","3","9"
"género","266","14","54","4","3","9"
"género","266","14","57","4","3","9"
"género","266","16","84","8","3","9"
"género","266","14","92","8","3","9"
"géneros","267","14","57","4","3","16"
"genial","268","15","61","4","3","3"
"globitos","269","14","56","4","3","9"
"globos","270","14","62","4","3","7"
"golpe","271","14","50","4","3","14"
"golpes","272","14","4","8","2","2"
"golpes","272","13","29","8","2","2"
"golpes","272","13","37","8","2","2"
"golpes","272","13","39","8","2","2"
"golpes","272","14","50","4","3","2"
"golpes","272","14","58","4","3","2"
"golpes","272","14","62","4","3","2"
"golpes","272","14","91","8","3","2"
"golpes","272","14","67","4","3","13"
"golpes","272","14","91","8","3","13"
"golpes","272","13","3","8","2","14"
"golpes","272","14","4","8","2","14"
"golpes","272","13","18","8","2","14"
"golpes","272","13","28","8","2","14"
"golpes","272","14","41","4","3","14"
"golpes","272","15","47","4","3","14"
"golpes","272","14","49","4","3","14"
"golpes","272","14","54","4","3","14"
"golpes","272","15","60","4","3","14"
"golpes","272","14","67","4","3","14"
"golpes","272","null","79","8","3","14"
"golpes","272","null","81","8","3","14"
"golpes","272","14","87","8","3","14"
"golpes","272","15","89","8","3","14"
"golpes","272","null","94","8","3","14"
"golpes","272","14","95","8","3","14"
"golpes","272","15","96","8","3","14"
"golpes","272","null","97","8","3","14"
"golpes","272","14","98","8","3","14"
"google","273","14","2","8","2","11"
"google","273","14","22","8","2","11"
"grande","274","null","88","8","3","3"
"gritos","275","15","70","4","3","14"
"groserías","276","14","86","8","3","14"
"grupos de apoyo","277","13","34","8","2","6"
"guardar secretos","278","null","17","8","2","17"
"guerras","279","15","65","4","3","3"
"gustos","280","null","81","8","3","16"
"gustos","280","15","85","8","3","16"
"hackeo","281","14","67","4","3","11"
"hackers","282","null","71","4","3","11"
"hambre","283","13","20","8","2","13"
"hasta el amanecer","284","15","61","4","3","9"
"hasta el amanecer","284","15","77","4","3","9"
"hasta el matrimonio","285","15","60","4","3","9"
"hembra","286","13","26","8","2","9"
"herencia","287","14","57","4","3","1"
"hermana","288","14","64","4","3","14"
"hermana","288","14","51","4","3","15"
"hermana","288","14","42","4","3","17"
"hermana","288","14","53","4","3","17"
"hermano","289","14","44","4","3","17"
"hermanos","290","13","8","8","2","9"
"hermanos","290","14","101","8","3","13"
"hermanos","290","14","62","4","3","17"
"hermanos","290","null","75","4","3","17"
"hermanos","290","15","82","8","3","17"
"hermanos","290","15","96","8","3","17"
"hermosa","291","13","37","8","2","8"
"heterosexual","292","null","81","8","3","16"
"heterosexual","292","14","86","8","3","16"
"heterosexual","292","15","89","8","3","16"
"heterosexual","292","14","101","8","3","16"
"hijo","293","13","3","8","2","1"
"hijo","293","13","8","8","2","1"
"hijo","293","13","14","8","2","1"
"hijo","293","13","25","8","2","1"
"hijo","293","13","33","8","2","1"
"hijo","293","13","36","8","2","1"
"hijo","293","13","37","8","2","1"
"hijo","293","14","76","4","3","1"
"hijo","293","null","94","8","3","1"
"hijos","294","14","4","8","2","9"
"hijos","294","13","6","8","2","9"
"hijos","294","13","9","8","2","9"
"hijos","294","13","10","8","2","9"
"hijos","294","13","12","8","2","9"
"hijos","294","13","14","8","2","9"
"hijos","294","13","27","8","2","9"
"hijos","294","13","29","8","2","9"
"hijos","294","14","63","4","3","9"
"hijos","294","14","67","4","3","9"
"hogar","295","14","2","8","2","13"
"hogar","295","13","28","8","2","13"
"hombre","296","14","41","4","3","9"
"hombre","296","14","43","4","3","9"
"hombre","296","14","53","4","3","9"
"hombre","296","14","86","8","3","16"
"hombres","297","15","77","4","3","2"
"hombres","297","14","44","4","3","16"
"hombres","297","14","54","4","3","16"
"homicidio","298","null","94","8","3","15"
"homofobia","299","14","57","4","3","16"
"homofóbicos","300","14","56","4","3","16"
"homosexual","301","14","87","8","3","16"
"homosexual","301","null","93","8","3","16"
"homosexual","301","14","95","8","3","16"
"honestidad","302","13","9","8","2","17"
"honestidad","302","14","53","4","3","17"
"huerfano","303","14","57","4","3","12"
"humilde","304","null","75","4","3","10"
"identidad","305","13","34","8","2","4"
"identidad","305","14","23","8","2","16"
"identidad","305","13","38","8","2","16"
"identidad","305","13","39","8","2","16"
"identidad sexual","306","14","23","8","2","8"
"identidad sexual","306","14","23","8","2","9"
"ignorancia","307","13","18","8","2","16"
"ilusión","308","14","91","8","3","8"
"imprudencia","309","14","72","4","3","2"
"incomodidad","310","16","1","8","2","2"
"incomodidad","310","13","9","8","2","2"
"incomodidad","310","13","10","8","2","2"
"incomodidad","310","13","16","8","2","2"
"incomodidad","310","13","19","8","2","2"
"incomodidad","310","13","21","8","2","2"
"incomodidad","310","14","23","8","2","2"
"incomodidad","310","13","26","8","2","2"
"incomodidad","310","13","33","8","2","2"
"incomodidad","310","14","49","4","3","2"
"incomodo","311","14","63","4","3","2"
"individuo","312","14","23","8","2","1"
"infidelidad","313","13","9","8","2","8"
"información","314","14","91","8","3","10"
"información","314","13","9","8","2","11"
"información","314","null","80","8","3","11"
"información","314","null","81","8","3","11"
"información","314","15","82","8","3","11"
"información","314","14","87","8","3","11"
"información","314","14","99","8","3","11"
"información","314","14","40","8","2","16"
"información","314","14","58","4","3","16"
"información","314","null","59","4","3","16"
"información","314","14","62","4","3","16"
"información","314","14","66","4","3","16"
"información","314","15","82","8","3","16"
"información","314","14","87","8","3","16"
"información","314","null","88","8","3","16"
"información","314","null","90","8","3","16"
"información","314","14","92","8","3","16"
"información","314","15","96","8","3","16"
"innovación","315","null","81","8","3","11"
"innovación","315","15","82","8","3","11"
"innovación","315","null","93","8","3","11"
"inocencia","316","13","9","8","2","3"
"inseguridad","317","null","17","8","2","2"
"inseguridad","317","14","51","4","3","2"
"inseguridad","317","14","62","4","3","2"
"inseguridad","317","14","49","4","3","10"
"inseguridad","317","14","50","4","3","10"
"insistencia","318","14","57","4","3","2"
"instagram","319","15","46","4","3","11"
"insultos","320","15","96","8","3","14"
"inteligencia artificial","321","14","69","4","3","11"
"intensamente","322","14","43","4","3","4"
"interacción no común","323","null","15","8","2","2"
"interés","324","null","80","8","3","8"
"interés","324","null","81","8","3","8"
"interés","324","14","87","8","3","8"
"interés","324","14","95","8","3","8"
"internet","325","14","68","4","3","2"
"internet","325","13","21","8","2","11"
"internet","325","13","26","8","2","11"
"internet","325","15","85","8","3","11"
"internet","325","null","32","8","2","13"
"internet","325","14","63","4","3","16"
"intimidación","326","null","80","8","3","2"
"intimidad","327","13","8","8","2","2"
"intimidad","327","13","12","8","2","2"
"intimidad","327","13","21","8","2","2"
"intimidad","327","null","90","8","3","2"
"iphone","328","13","11","8","2","11"
"iphone","328","15","60","4","3","11"
"iphone","328","15","61","4","3","11"
"its","329","14","78","4","3","16"
"joto","330","15","45","4","3","9"
"juegos","331","13","28","8","2","11"
"juegos","331","13","29","8","2","11"
"juegos","331","13","37","8","2","11"
"juegos","331","14","99","8","3","11"
"jugo","332","15","45","4","3","5"
"laptop","333","14","62","4","3","11"
"lealtad","334","15","48","4","3","8"
"lealtad","334","13","14","8","2","17"
"lealtad","334","null","59","4","3","17"
"lealtad","334","14","62","4","3","17"
"lesbiana","335","15","45","4","3","8"
"lesbiana","335","13","14","8","2","16"
"lesbiana","335","13","16","8","2","16"
"libertad","336","15","96","8","3","2"
"licor ","337","14","43","4","3","6"
"limpio","338","13","28","8","2","13"
"limpio","338","15","89","8","3","13"
"llorar","339","13","21","8","2","15"
"llorar","339","15","47","4","3","15"
"llorar","339","14","49","4","3","15"
"llorar","339","14","50","4","3","15"
"llorar","339","null","79","8","3","15"
"llorar","339","15","82","8","3","15"
"llorar","339","null","83","8","3","15"
"llorar","339","14","99","8","3","15"
"lo peor ","340","14","56","4","3","13"
"loca","341","14","43","4","3","7"
"logros","342","14","22","8","2","3"
"logros","342","14","101","8","3","3"
"lugar propio","343","15","85","8","3","13"
"lugar seguro","344","14","23","8","2","13"
"madre","345","15","85","8","3","1"
"madre","345","14","53","4","3","12"
"madre","345","14","41","4","3","17"
"maestro","346","14","67","4","3","17"
"maestro","346","null","80","8","3","17"
"maestro","346","15","96","8","3","17"
"maestros","347","null","71","4","3","16"
"mal dialogo","348","null","81","8","3","14"
"mal futuro","349","13","8","8","2","5"
"mala","350","15","96","8","3","10"
"mala vida","351","15","96","8","3","5"
"malas","352","14","72","4","3","4"
"malas relaciones","353","15","85","8","3","14"
"malo","354","13","20","8","2","2"
"malo","354","14","43","4","3","2"
"malos","355","13","12","8","2","12"
"malos","355","15","85","8","3","12"
"maltrato","356","14","78","4","3","2"
"maltrato","356","14","78","4","3","6"
"mamá","357","15","47","4","3","12"
"mamá","357","14","74","4","3","12"
"mamá","357","15","65","4","3","15"
"mamá","357","15","47","4","3","16"
"mamá","357","14","44","4","3","17"
"mamá","357","14","50","4","3","17"
"mamá","357","14","53","4","3","17"
"mamá","357","14","54","4","3","17"
"mamá","357","14","56","4","3","17"
"mamá","357","15","65","4","3","17"
"mamá","357","14","68","4","3","17"
"mamá","357","15","77","4","3","17"
"manoseo","358","13","14","8","2","2"
"marihuana","359","13","9","8","2","5"
"marihuana","359","13","20","8","2","5"
"marihuana","359","13","36","8","2","5"
"marihuana","359","14","73","4","3","5"
"marihuana","359","14","95","8","3","5"
"marihuana","359","15","96","8","3","5"
"mascota","360","13","35","8","2","13"
"mascota","360","null","81","8","3","13"
"masculino","361","14","43","4","3","9"
"masculino","361","14","51","4","3","9"
"masculino","361","14","54","4","3","9"
"masculino","361","15","60","4","3","16"
"masculino","361","14","62","4","3","16"
"masturbación","362","null","71","4","3","1"
"masturbación","362","null","71","4","3","9"
"me va a pasar","363","13","8","8","2","3"
"medicina","364","14","44","4","3","3"
"mejor","365","13","33","8","2","3"
"memes","366","14","95","8","3","11"
"menor de edad","367","14","50","4","3","5"
"menores de edad","368","13","34","8","2","6"
"mensaje","369","null","80","8","3","11"
"mensajes","370","14","42","4","3","11"
"mentiras","371","13","9","8","2","12"
"mentiras","371","13","18","8","2","12"
"metas","372","16","1","8","2","3"
"metas","372","14","2","8","2","3"
"metas","372","13","3","8","2","3"
"metas","372","13","9","8","2","3"
"metas","372","14","13","8","2","3"
"metas","372","null","15","8","2","3"
"metas","372","13","16","8","2","3"
"metas","372","14","22","8","2","3"
"metas","372","13","30","8","2","3"
"metas","372","13","31","8","2","3"
"metas","372","13","37","8","2","3"
"metas","372","13","38","8","2","3"
"metas","372","null","80","8","3","3"
"metas","372","15","89","8","3","3"
"metas","372","14","91","8","3","3"
"metas","372","14","92","8","3","3"
"metas","372","null","93","8","3","3"
"metas","372","15","96","8","3","3"
"meter","373","14","74","4","3","5"
"métodos anticonceptivos","374","13","7","8","2","9"
"mi espacio","375","14","50","4","3","13"
"miedo","376","null","17","8","2","2"
"miedo","376","13","27","8","2","2"
"miedo","376","13","28","8","2","2"
"miedo","376","15","48","4","3","2"
"miedo","376","13","30","8","2","13"
"miedo","376","13","33","8","2","13"
"miedo","376","13","12","8","2","14"
"miedo","376","13","21","8","2","14"
"miedo","376","13","28","8","2","14"
"miedo","376","13","30","8","2","14"
"miedo","376","13","31","8","2","14"
"miedo","376","13","35","8","2","14"
"miedo","376","13","38","8","2","14"
"miedo","376","14","2","8","2","15"
"miedo","376","null","93","8","3","15"
"misa","377","15","61","4","3","12"
"mitad","378","14","51","4","3","12"
"moderación","379","15","85","8","3","7"
"molestar","380","14","41","4","3","2"
"molestar","380","15","77","4","3","2"
"molestar","380","15","85","8","3","2"
"morra","381","14","2","8","2","7"
"mota","382","13","11","8","2","5"
"muchas","383","13","20","8","2","4"
"muerte","384","15","55","4","3","2"
"muerte","384","13","18","8","2","3"
"muerte","384","14","2","8","2","5"
"muerte","384","14","22","8","2","5"
"muerte","384","13","29","8","2","5"
"muerte","384","14","49","4","3","5"
"muerte","384","14","50","4","3","5"
"muerte","384","14","54","4","3","5"
"muerte","384","14","56","4","3","5"
"muerte","384","15","60","4","3","5"
"muerte","384","14","67","4","3","5"
"muerte","384","15","77","4","3","5"
"muerte","384","14","78","4","3","5"
"muerte","384","null","93","8","3","5"
"muerte","384","14","40","8","2","6"
"muerte","384","14","44","4","3","6"
"muerte","384","15","55","4","3","6"
"muerte","384","14","66","4","3","6"
"muerte","384","14","76","4","3","6"
"muerte","384","15","45","4","3","14"
"mujer","385","14","5","8","2","1"
"mujer","385","13","7","8","2","1"
"mujer","385","13","16","8","2","1"
"mujer","385","13","24","8","2","1"
"mujer","385","13","33","8","2","1"
"mujer","385","14","40","8","2","1"
"mujer","385","14","41","4","3","1"
"mujer","385","14","52","4","3","1"
"mujer","385","14","53","4","3","1"
"mujer","385","null","59","4","3","1"
"mujer","385","14","63","4","3","1"
"mujer","385","14","41","4","3","9"
"mujer","385","14","53","4","3","9"
"mujer","385","14","86","8","3","16"
"mujer embarazada","386","15","70","4","3","1"
"mujeres","387","13","7","8","2","2"
"mujeres","387","15","47","4","3","2"
"mujeres","387","14","50","4","3","2"
"mujeres","387","15","60","4","3","2"
"mujeres","387","15","61","4","3","2"
"mujeres","387","14","62","4","3","2"
"mujeres","387","14","64","4","3","2"
"mujeres","387","14","69","4","3","2"
"mujeres","387","14","73","4","3","2"
"mujeres","387","null","71","4","3","7"
"mujeres","387","14","76","4","3","7"
"mujeres","387","14","44","4","3","16"
"mujeres","387","14","76","4","3","16"
"música","388","13","21","8","2","7"
"música","388","14","22","8","2","7"
"música","388","14","23","8","2","7"
"música","388","13","28","8","2","7"
"música","388","null","32","8","2","7"
"música","388","13","35","8","2","7"
"música","388","13","35","8","2","15"
"música","388","15","46","4","3","15"
"música","388","15","46","4","3","15"
"música","388","14","52","4","3","15"
"música","388","15","60","4","3","15"
"música","388","15","61","4","3","15"
"música","388","14","69","4","3","15"
"música","388","15","70","4","3","15"
"mutuo","389","null","80","8","3","9"
"nacer","390","14","2","8","2","1"
"narco","391","null","71","4","3","5"
"narcotrafico","392","14","53","4","3","5"
"narcotrafico","392","14","62","4","3","5"
"narcotrafico","392","14","63","4","3","5"
"necesidad","393","15","60","4","3","13"
"negativa","394","14","57","4","3","4"
"negocios","395","null","75","4","3","12"
"nervios","396","15","96","8","3","1"
"nervios","396","null","97","8","3","15"
"niñas embarazadas","397","14","68","4","3","1"
"niñas menores","398","15","60","4","3","1"
"niño","399","14","23","8","2","1"
"niño","399","null","32","8","2","1"
"niños","400","15","55","4","3","1"
"niños","400","13","7","8","2","2"
"niños","400","14","44","4","3","2"
"no apoyo","401","14","23","8","2","15"
"no deseado","402","15","65","4","3","1"
"no deseado","402","15","77","4","3","1"
"no deseado","402","15","82","8","3","1"
"no deseado","402","14","98","8","3","1"
"no deseado","402","14","99","8","3","1"
"no deseado","402","14","57","4","3","2"
"no embarazo","403","14","50","4","3","16"
"no enfermedades","404","14","50","4","3","16"
"no hay","405","14","43","4","3","8"
"no hay","405","15","47","4","3","8"
"no hay","405","14","54","4","3","8"
"no hay","405","14","22","8","2","9"
"no hay","405","14","67","4","3","12"
"no hay","405","null","15","8","2","15"
"no hay","405","13","20","8","2","15"
"no hay","405","14","54","4","3","15"
"no hay","405","14","101","8","3","15"
"no hay","405","13","16","8","2","17"
"no hay","405","null","32","8","2","17"
"no hay","405","14","51","4","3","17"
"no hay","405","null","71","4","3","17"
"no hay","405","14","72","4","3","17"
"no quererte","406","null","80","8","3","15"
"no tención","407","13","30","8","2","17"
"no tengo","408","15","61","4","3","14"
"no tomo","409","15","47","4","3","6"
"no traición","410","14","2","8","2","17"
"no traición","410","13","27","8","2","17"
"no traición","410","13","37","8","2","17"
"nocivo","411","13","24","8","2","6"
"novia","412","15","48","4","3","16"
"novia","412","15","96","8","3","17"
"novios","413","13","28","8","2","17"
"nueva tecnlogía","414","15","60","4","3","3"
"nuevas experiencias","415","null","59","4","3","4"
"nuevos objetos","416","15","96","8","3","11"
"nuevos proyectos","417","14","66","4","3","11"
"observación","418","15","82","8","3","2"
"observación","418","null","93","8","3","2"
"observación","418","14","101","8","3","2"
"ofensas","419","15","96","8","3","14"
"oportunidades","420","15","47","4","3","3"
"padrastros","421","14","56","4","3","12"
"padres","422","13","12","8","2","15"
"padres","422","14","58","4","3","17"
"padres","422","15","60","4","3","17"
"página porno","423","null","75","4","3","9"
"países","424","14","53","4","3","3"
"panzona","425","14","22","8","2","1"
"papá","426","16","1","8","2","1"
"papá","426","13","7","8","2","6"
"papá","426","14","56","4","3","6"
"papá","426","14","100","8","3","6"
"papá","426","14","101","8","3","6"
"papá","426","14","51","4","3","11"
"papá","426","14","67","4","3","12"
"papá","426","14","49","4","3","17"
"papá","426","14","73","4","3","17"
"papás","427","13","28","8","2","1"
"papás","427","15","45","4","3","1"
"papás","427","13","28","8","2","6"
"papás","427","null","93","8","3","6"
"papás","427","15","65","4","3","14"
"papás","427","null","93","8","3","14"
"papás","427","15","61","4","3","16"
"papás","427","14","73","4","3","16"
"papás","427","14","74","4","3","16"
"papás","427","14","40","8","2","17"
"papás","427","15","46","4","3","17"
"papás","427","14","62","4","3","17"
"papás","427","14","66","4","3","17"
"papás","427","14","76","4","3","17"
"papás","427","14","78","4","3","17"
"papás","427","null","80","8","3","17"
"papás","427","15","82","8","3","17"
"papás","427","14","87","8","3","17"
"papás","427","null","90","8","3","17"
"papás","427","null","93","8","3","17"
"papás","427","14","95","8","3","17"
"papás","427","15","96","8","3","17"
"pareja","428","13","9","8","2","1"
"pareja","428","13","31","8","2","1"
"pareja","428","14","44","4","3","5"
"pareja","428","14","41","4","3","16"
"parranda","429","13","8","8","2","7"
"pasatiempo","430","14","43","4","3","11"
"pasión","431","15","96","8","3","9"
"pasión","431","14","98","8","3","9"
"pastel","432","14","53","4","3","7"
"paz","433","13","6","8","2","4"
"paz","433","14","62","4","3","13"
"paz","433","14","69","4","3","13"
"paz","433","15","70","4","3","13"
"pecado","434","15","55","4","3","8"
"pecado","434","14","56","4","3","8"
"peda","435","13","11","8","2","6"
"peda","435","13","16","8","2","6"
"peda","435","14","49","4","3","6"
"peda","435","14","50","4","3","6"
"peda","435","14","52","4","3","6"
"peda","435","14","68","4","3","6"
"peda","435","13","11","8","2","7"
"peda","435","14","41","4","3","7"
"pedas","436","15","60","4","3","6"
"pedas","436","14","50","4","3","14"
"pederasta","437","14","2","8","2","2"
"pedo","438","15","46","4","3","6"
"pedofilos","439","13","7","8","2","2"
"pedofilos","439","13","30","8","2","2"
"pelea","440","null","94","8","3","2"
"pelea","440","16","1","8","2","14"
"pelea","440","13","3","8","2","14"
"pelea","440","14","5","8","2","14"
"pelea","440","13","6","8","2","14"
"pelea","440","13","7","8","2","14"
"pelea","440","13","10","8","2","14"
"pelea","440","13","12","8","2","14"
"pelea","440","null","17","8","2","14"
"pelea","440","13","20","8","2","14"
"pelea","440","13","24","8","2","14"
"pelea","440","13","25","8","2","14"
"pelea","440","13","26","8","2","14"
"pelea","440","13","27","8","2","14"
"pelea","440","13","28","8","2","14"
"pelea","440","13","29","8","2","14"
"pelea","440","13","30","8","2","14"
"pelea","440","13","37","8","2","14"
"pelea","440","13","39","8","2","14"
"pelea","440","14","40","8","2","14"
"pelea","440","14","41","4","3","14"
"pelea","440","15","45","4","3","14"
"pelea","440","15","46","4","3","14"
"pelea","440","14","49","4","3","14"
"pelea","440","14","52","4","3","14"
"pelea","440","14","53","4","3","14"
"pelea","440","15","55","4","3","14"
"pelea","440","14","58","4","3","14"
"pelea","440","14","62","4","3","14"
"pelea","440","14","63","4","3","14"
"pelea","440","14","66","4","3","14"
"pelea","440","14","68","4","3","14"
"pelea","440","null","71","4","3","14"
"pelea","440","14","72","4","3","14"
"pelea","440","14","74","4","3","14"
"pelea","440","14","76","4","3","14"
"pelea","440","15","77","4","3","14"
"pelea","440","14","78","4","3","14"
"pelea","440","null","81","8","3","14"
"pelea","440","15","82","8","3","14"
"pelea","440","15","85","8","3","14"
"pelea","440","14","99","8","3","14"
"peleas","441","15","96","8","3","6"
"peleas","441","null","88","8","3","12"
"peligro","442","13","24","8","2","2"
"peligro","442","13","28","8","2","2"
"peligro","442","14","5","8","2","5"
"peligro","442","14","13","8","2","5"
"peligro","442","14","23","8","2","5"
"peligro","442","13","27","8","2","5"
"peligro","442","13","29","8","2","5"
"peligro","442","13","31","8","2","5"
"peligro","442","13","27","8","2","6"
"peligro","442","14","5","8","2","11"
"peligro","442","13","12","8","2","11"
"peligro","442","13","18","8","2","11"
"pelota","443","14","53","4","3","1"
"pensamientos","444","13","24","8","2","4"
"pensar","445","14","43","4","3","3"
"pequeño","446","14","2","8","2","1"
"perder","447","null","75","4","3","15"
"perdición","448","16","1","8","2","5"
"perdición","448","13","3","8","2","5"
"perdición","448","null","80","8","3","5"
"perdición","448","15","82","8","3","5"
"perdición","448","null","83","8","3","5"
"perdición","448","14","99","8","3","5"
"perdición","448","14","5","8","2","6"
"perdición","448","13","25","8","2","6"
"perdida","449","14","98","8","3","8"
"perdida","449","14","57","4","3","15"
"pérdida","450","null","71","4","3","15"
"perra","451","13","19","8","2","13"
"perros","452","null","71","4","3","13"
"persecución","453","15","70","4","3","2"
"persona","454","14","23","8","2","1"
"persona","454","null","59","4","3","14"
"personas","455","14","92","8","3","10"
"personas sucias","456","13","3","8","2","2"
"perversión","457","14","2","8","2","2"
"perversión","457","14","22","8","2","2"
"perversión","457","13","38","8","2","2"
"piedras en riñon","458","14","23","8","2","6"
"piñatas","459","14","58","4","3","7"
"pixar","460","14","43","4","3","4"
"placer","461","null","59","4","3","9"
"placer","461","14","78","4","3","9"
"placer","461","null","88","8","3","9"
"placer","461","15","96","8","3","9"
"planear","462","15","82","8","3","3"
"planear","462","14","95","8","3","3"
"planear","462","14","100","8","3","3"
"plastilina","463","15","45","4","3","15"
"platica","464","13","9","8","2","16"
"pláticas","465","14","53","4","3","16"
"pláticas","465","15","77","4","3","16"
"poca","466","13","33","8","2","17"
"pocisiones","467","13","9","8","2","9"
"pokemón","468","15","45","4","3","11"
"polo gamer","469","15","46","4","3","11"
"positiva","470","14","57","4","3","4"
"precaución","471","14","72","4","3","1"
"precoz","472","13","3","8","2","1"
"precoz","472","14","4","8","2","1"
"precoz","472","13","28","8","2","9"
"preocupación","473","13","35","8","2","12"
"preocupado","474","null","88","8","3","4"
"preocupado","474","15","96","8","3","4"
"preparación","475","14","42","4","3","3"
"preparación","475","15","85","8","3","3"
"preparación","475","14","98","8","3","3"
"preparatoria","476","14","54","4","3","3"
"preparatoria","476","14","68","4","3","3"
"preservativo","477","14","5","8","2","9"
"preservativo","477","13","16","8","2","9"
"preservativo","477","13","28","8","2","9"
"prevención","478","null","90","8","3","15"
"prevención","478","13","12","8","2","16"
"prevención","478","null","17","8","2","16"
"prevención","478","13","28","8","2","16"
"prevención","478","13","30","8","2","16"
"prevención","478","13","34","8","2","16"
"prevención","478","14","49","4","3","16"
"prevención","478","15","82","8","3","16"
"prevención","478","null","83","8","3","16"
"privacidad","479","13","3","8","2","11"
"privacidad","479","14","13","8","2","11"
"privacidad","479","14","23","8","2","11"
"privación","480","null","79","8","3","2"
"privación","480","15","96","8","3","2"
"problemas","481","16","84","8","3","1"
"problemas","481","14","53","4","3","2"
"problemas","481","14","58","4","3","5"
"problemas","481","15","96","8","3","6"
"problemas","481","null","83","8","3","12"
"problemas","481","13","21","8","2","14"
"problemas","481","14","23","8","2","14"
"problemas","481","15","48","4","3","14"
"problemas","481","14","53","4","3","14"
"problemas","481","null","80","8","3","14"
"problemas","481","14","92","8","3","14"
"problemas","481","15","96","8","3","14"
"problemas","481","null","80","8","3","15"
"problemas","481","14","86","8","3","15"
"problemas","481","14","92","8","3","15"
"problemas","481","15","96","8","3","15"
"profesor","482","14","43","4","3","17"
"progreso","483","14","66","4","3","11"
"propósitos","484","16","1","8","2","3"
"propósitos","484","13","3","8","2","3"
"propósitos","484","13","21","8","2","3"
"propósitos","484","13","27","8","2","3"
"propósitos","484","13","28","8","2","3"
"protección","485","14","42","4","3","9"
"protección","485","14","49","4","3","9"
"protección","485","14","69","4","3","9"
"protección","485","null","81","8","3","9"
"protección","485","14","69","4","3","12"
"protección","485","16","1","8","2","13"
"protección","485","14","5","8","2","13"
"protección","485","14","13","8","2","13"
"protección","485","13","27","8","2","13"
"protección","485","13","29","8","2","13"
"protección","485","13","30","8","2","13"
"protección","485","13","31","8","2","13"
"protección","485","14","49","4","3","16"
"protección","485","null","75","4","3","16"
"protección","485","14","78","4","3","16"
"pubertad","486","14","51","4","3","4"
"pubertad","486","14","57","4","3","7"
"pubertad","486","13","33","8","2","9"
"puente","487","14","51","4","3","13"
"puñetazos","488","13","36","8","2","14"
"putazos","489","14","73","4","3","14"
"putazos","489","null","88","8","3","14"
"quehacer","490","14","99","8","3","13"
"querer","491","15","85","8","3","3"
"querer extremamente","492","15","85","8","3","2"
"quererte","493","13","21","8","2","10"
"quererte","493","14","40","8","2","10"
"quererte","493","null","59","4","3","10"
"quererte","493","14","62","4","3","10"
"quererte","493","14","63","4","3","10"
"quererte","493","null","80","8","3","10"
"quererte","493","null","90","8","3","10"
"quinceañera","494","14","42","4","3","7"
"quinceañera","494","15","45","4","3","7"
"ratos buenos","495","15","96","8","3","4"
"ratos malos","496","15","96","8","3","4"
"rebeldía","497","null","71","4","3","2"
"redes sociales","498","16","1","8","2","11"
"redes sociales","498","13","9","8","2","11"
"redes sociales","498","13","10","8","2","11"
"redes sociales","498","13","12","8","2","11"
"redes sociales","498","13","29","8","2","11"
"redes sociales","498","13","37","8","2","11"
"redes sociales","498","14","41","4","3","11"
"refugio","499","14","76","4","3","13"
"refugio","499","14","78","4","3","13"
"refugio","499","null","79","8","3","13"
"refugio","499","null","80","8","3","13"
"refugio","499","15","82","8","3","13"
"refugio","499","null","83","8","3","13"
"refugio","499","14","86","8","3","13"
"refugio","499","null","93","8","3","13"
"refugio","499","15","96","8","3","13"
"refugio","499","14","99","8","3","13"
"regaños","500","13","6","8","2","12"
"regaños","500","13","8","8","2","12"
"regaños","500","13","9","8","2","12"
"regaños","500","13","10","8","2","12"
"regaños","500","13","20","8","2","12"
"regaños","500","13","28","8","2","12"
"regaños","500","14","44","4","3","12"
"regaños","500","15","65","4","3","12"
"regaños","500","null","79","8","3","12"
"regaños","500","null","80","8","3","12"
"regaños","500","14","87","8","3","12"
"regaños","500","14","99","8","3","12"
"regaños","500","14","67","4","3","13"
"reglas","501","14","73","4","3","12"
"regular","502","14","43","4","3","10"
"reír","503","14","44","4","3","4"
"relación afectiva","504","15","85","8","3","8"
"relaciones","505","13","9","8","2","1"
"relaciones","505","null","17","8","2","1"
"relaciones","505","13","24","8","2","1"
"relaciones","505","14","44","4","3","1"
"relaciones","505","null","75","4","3","4"
"relaciones","505","null","71","4","3","7"
"relaciones","505","14","76","4","3","8"
"relaciones","505","14","41","4","3","9"
"relaciones","505","15","70","4","3","9"
"relaciones","505","null","94","8","3","9"
"relaciones","505","13","9","8","2","17"
"relaciones amorosas","506","13","7","8","2","14"
"relaciones amorosas","506","14","101","8","3","14"
"relaciones sexuales","507","15","61","4","3","1"
"relaciones sexuales","507","14","62","4","3","1"
"relaciones sexuales","507","null","75","4","3","7"
"relajación","508","14","98","8","3","13"
"reprobar","509","14","72","4","3","15"
"reproducción","509","null","81","8","3","9"
"reproducción","510","15","85","8","3","9"
"respeto","511","13","3","8","2","8"
"respeto","511","13","18","8","2","8"
"respeto","512","13","26","8","2","8"
"respeto","512","13","28","8","2","8"
"respeto","512","13","38","8","2","8"
"respeto","512","13","25","8","2","10"
"respeto","512","14","2","8","2","12"
"responsabilidad","512","null","79","8","3","1"
"responsabilidad","512","14","92","8","3","1"
"responsabilidad","513","14","42","4","3","1"
"responsabilidad","513","null","80","8","3","1"
"responsabilidad","513","15","82","8","3","1"
"responsabilidad","513","null","83","8","3","1"
"responsabilidad","513","15","85","8","3","1"
"responsabilidad","513","14","86","8","3","1"
"responsabilidad","513","null","93","8","3","1"
"responsabilidad","513","15","96","8","3","1"
"responsabilidad","513","null","93","8","3","6"
"responsabilidad","513","13","7","8","2","8"
"responsabilidad","513","13","12","8","2","8"
"responsabilidad","513","13","21","8","2","8"
"responsabilidad","513","13","33","8","2","8"
"responsabilidad","513","13","14","8","2","9"
"responsabilidad","513","14","23","8","2","9"
"responsabilidad","513","14","91","8","3","11"
"responsabilidad","513","13","3","8","2","12"
"responsabilidad","513","14","5","8","2","12"
"responsabilidad","513","13","12","8","2","12"
"responsabilidad","513","13","14","8","2","12"
"responsabilidad","513","13","25","8","2","12"
"responsabilidad","513","13","26","8","2","12"
"responsabilidad","513","13","33","8","2","12"
"responsabilidad","513","13","37","8","2","12"
"responsabilidad","513","14","50","4","3","12"
"responsabilidad","513","14","62","4","3","12"
"responsabilidad","513","14","78","4","3","12"
"responsabilidad","513","14","95","8","3","12"
"responsabilidad","513","15","96","8","3","12"
"reto","514","13","9","8","2","6"
"rico","515","null","15","8","2","6"
"rico","515","null","15","8","2","9"
"rico","515","null","32","8","2","9"
"riesgo","516","13","12","8","2","1"
"riesgo","516","null","17","8","2","9"
"riesgos","517","null","71","4","3","9"
"riñon","518","14","54","4","3","6"
"riñon","518","15","55","4","3","6"
"riñon","518","null","59","4","3","6"
"riñon","518","14","62","4","3","6"
"risa","519","13","35","8","2","5"
"risa","519","13","35","8","2","7"
"risas","520","14","62","4","3","4"
"robot","521","14","58","4","3","3"
"robots","522","13","8","8","2","11"
"robots","522","null","32","8","2","11"
"robots","522","13","39","8","2","11"
"robots","522","15","65","4","3","11"
"robots","522","15","85","8","3","11"
"romance","523","15","96","8","3","8"
"romper privacidad","524","14","98","8","3","2"
"rostros","525","14","53","4","3","4"
"salsa","526","14","42","4","3","7"
"salsa","526","15","45","4","3","7"
"salud","527","13","28","8","2","5"
"salud","527","13","27","8","2","16"
"salud","527","13","29","8","2","16"
"salud sexual","528","14","23","8","2","8"
"sangre","529","15","45","4","3","14"
"satisfacción","530","14","62","4","3","9"
"satisfacción","530","null","83","8","3","9"
"secretos","531","14","86","8","3","17"
"seguir","532","15","85","8","3","2"
"seguir estudiando","533","14","57","4","3","3"
"segura","534","14","2","8","2","16"
"seguridad","535","null","79","8","3","9"
"seguridad","535","14","87","8","3","9"
"seguridad","535","14","100","8","3","9"
"seguridad","535","14","101","8","3","9"
"seguridad","535","null","81","8","3","10"
"seguridad","535","14","87","8","3","10"
"seguridad","535","15","60","4","3","12"
"seguridad","535","15","70","4","3","12"
"seguridad","535","13","3","8","2","13"
"seguridad","535","13","26","8","2","13"
"seguridad","535","14","40","8","2","13"
"seguridad","535","15","55","4","3","13"
"seguridad","535","14","62","4","3","13"
"seguridad","535","14","78","4","3","13"
"seguridad","535","16","84","8","3","13"
"seguridad","535","14","92","8","3","13"
"seguridad","535","null","93","8","3","13"
"seguridad","535","null","94","8","3","13"
"seguridad","535","15","96","8","3","13"
"seguridad","535","13","6","8","2","17"
"seguridad","535","13","9","8","2","17"
"seguridad","535","13","21","8","2","17"
"seguridad","535","14","23","8","2","17"
"seguridad","535","13","24","8","2","17"
"seguridad","535","13","26","8","2","17"
"seguridad","535","13","28","8","2","17"
"seguridad","535","14","74","4","3","17"
"seguridad","535","15","96","8","3","17"
"seguro","536","13","33","8","2","3"
"seguro","536","14","4","8","2","13"
"seguro","536","null","81","8","3","13"
"sentimientos","537","16","1","8","2","4"
"sentimientos","537","14","5","8","2","4"
"sentimientos","537","13","8","8","2","4"
"sentimientos","537","13","12","8","2","4"
"sentimientos","537","14","13","8","2","4"
"sentimientos","537","null","15","8","2","4"
"sentimientos","537","13","16","8","2","4"
"sentimientos","537","13","19","8","2","4"
"sentimientos","537","13","21","8","2","4"
"sentimientos","537","14","22","8","2","4"
"sentimientos","537","13","25","8","2","4"
"sentimientos","537","13","30","8","2","4"
"sentimientos","537","13","31","8","2","4"
"sentimientos","537","null","32","8","2","4"
"sentimientos","537","13","37","8","2","4"
"sentimientos","537","14","40","8","2","4"
"sentimientos","537","15","47","4","3","4"
"sentimientos","537","14","54","4","3","4"
"sentimientos","537","null","71","4","3","4"
"sentimientos","537","15","85","8","3","4"
"sentimientos","537","15","85","8","3","4"
"sentimientos","537","null","93","8","3","4"
"sentimientos","537","14","42","4","3","8"
"sentimientos","537","null","79","8","3","8"
"sentimientos","537","null","81","8","3","8"
"sentimientos","537","15","82","8","3","8"
"sentimientos","537","16","84","8","3","8"
"sentimientos","537","15","89","8","3","8"
"sentimientos","537","null","93","8","3","8"
"sentimientos","537","15","96","8","3","8"
"sentimientos","537","14","100","8","3","8"
"sentimientos","537","13","8","8","2","10"
"sentimientos","537","15","85","8","3","10"
"sentirse mal","538","15","85","8","3","15"
"separados","539","null","32","8","2","12"
"sexo","540","14","44","4","3","1"
"sexo","540","15","85","8","3","1"
"sexo","540","14","95","8","3","1"
"sexo","540","null","71","4","3","2"
"sexo","540","14","44","4","3","6"
"sexo","540","13","34","8","2","7"
"sexo","540","15","65","4","3","7"
"sexo","540","14","72","4","3","7"
"sexo","540","15","46","4","3","8"
"sexo","540","14","73","4","3","8"
"sexo","540","15","82","8","3","8"
"sexo","540","14","99","8","3","8"
"sexo","540","13","11","8","2","16"
"sexo","540","15","77","4","3","16"
"sexo","540","null","94","8","3","16"
"sexual","541","13","34","8","2","2"
"sexual","541","15","45","4","3","2"
"sexual","541","14","52","4","3","2"
"sexual","541","14","56","4","3","2"
"sexual","541","15","65","4","3","2"
"sexual","541","null","90","8","3","2"
"sexualidad","542","null","93","8","3","2"
"sexualidad","542","null","79","8","3","16"
"shot","543","13","36","8","2","6"
"sillón","544","14","73","4","3","13"
"sin árboles","545","14","56","4","3","3"
"sin futuro","546","14","41","4","3","5"
"sin futuro","546","14","49","4","3","5"
"sin futuro","546","null","59","4","3","5"
"sin mundo","547","14","63","4","3","3"
"social","548","13","30","8","2","2"
"social","548","13","34","8","2","2"
"soledad","549","14","101","8","3","8"
"soledad","549","13","18","8","2","13"
"soledad","549","13","8","8","2","15"
"soledad","549","13","10","8","2","15"
"soledad","549","13","38","8","2","15"
"soledad","549","14","87","8","3","15"
"soledad","549","15","96","8","3","15"
"soledad","549","14","98","8","3","15"
"solidaridad","550","null","75","4","3","13"
"solo","551","14","4","8","2","15"
"soltero","552","14","43","4","3","8"
"soltero","552","15","47","4","3","8"
"sueños","553","13","3","8","2","3"
"sueños","553","13","35","8","2","3"
"sueños","553","14","66","4","3","3"
"sufrimiento","554","14","42","4","3","2"
"sufro","555","14","43","4","3","14"
"suicidio","556","14","57","4","3","10"
"suicidio","556","14","67","4","3","10"
"suicidio","556","null","71","4","3","10"
"suicidio","556","14","74","4","3","10"
"suicidio","556","14","76","4","3","10"
"suicidio","556","16","1","8","2","15"
"suicidio","556","13","25","8","2","15"
"suicidio","556","13","28","8","2","15"
"suicidio","556","13","36","8","2","15"
"suicidio","556","13","37","8","2","15"
"suicidio","556","13","39","8","2","15"
"suicidio","556","14","40","8","2","15"
"suicidio","556","15","48","4","3","15"
"suicidio","556","15","55","4","3","15"
"suicidio","556","14","63","4","3","15"
"suicidio","556","14","76","4","3","15"
"suicidio","556","null","81","8","3","15"
"suicidio","556","14","87","8","3","15"
"suicidio","556","null","88","8","3","15"
"suicidio","556","14","95","8","3","15"
"suicidio","556","15","96","8","3","15"
"superación","557","null","83","8","3","3"
"superación","557","14","57","4","3","11"
"techo","558","14","41","4","3","13"
"techo","558","15","48","4","3","13"
"techo","558","14","74","4","3","13"
"tecnología","559","14","62","4","3","3"
"tecnología","559","14","69","4","3","3"
"tecnología","559","14","74","4","3","3"
"tecnología","559","14","78","4","3","3"
"teléfono","560","13","9","8","2","11"
"teléfonos","561","14","44","4","3","11"
"teléfonos","561","14","50","4","3","11"
"televisa","562","14","51","4","3","16"
"temprana edad","563","15","89","8","3","1"
"temprana edad","563","null","90","8","3","1"
"temprana edad","563","14","101","8","3","1"
"tentación","564","15","60","4","3","8"
"tequila","565","15","47","4","3","6"
"terminación de relaciones","566","null","71","4","3","10"
"terminar carrera","567","14","67","4","3","3"
"terminar estudios","568","15","55","4","3","3"
"tesla","569","14","63","4","3","11"
"tías","570","15","55","4","3","12"
"tiempo","571","13","26","8","2","3"
"tío","572","13","3","8","2","6"
"tíos","573","15","96","8","3","6"
"tiro","574","13","11","8","2","14"
"tocar","575","13","21","8","2","2"
"tocar","575","14","41","4","3","2"
"tomar","576","14","74","4","3","6"
"torito","577","14","63","4","3","6"
"tóxica","578","16","1","8","2","8"
"tóxica","578","13","6","8","2","8"
"tóxica","578","13","9","8","2","8"
"tóxica","578","13","11","8","2","8"
"tóxica","578","13","16","8","2","8"
"tóxica","578","13","19","8","2","8"
"tóxica","578","13","21","8","2","8"
"tóxica","578","13","34","8","2","8"
"tóxica","578","13","39","8","2","8"
"tóxicas","579","13","24","8","2","5"
"toxicidad","580","14","22","8","2","8"
"toxicidad","580","null","83","8","3","8"
"tóxico","581","13","3","8","2","8"
"tóxico","581","14","4","8","2","8"
"tóxico","581","13","20","8","2","8"
"tóxico","581","14","50","4","3","8"
"tóxicos","582","null","17","8","2","8"
"trabajo","583","13","12","8","2","3"
"trabajo","583","null","17","8","2","3"
"trabajo","583","13","21","8","2","3"
"trabajo","583","13","24","8","2","3"
"trabajo","583","13","29","8","2","3"
"trabajo","583","13","39","8","2","3"
"trabajo","583","14","41","4","3","3"
"trabajo","583","14","50","4","3","3"
"trabajo","583","null","71","4","3","3"
"trabajo","583","15","77","4","3","3"
"trabajo","583","null","79","8","3","3"
"trabajo","583","null","80","8","3","3"
"trabajo","583","16","84","8","3","3"
"trabajo","583","15","85","8","3","3"
"trabajo","583","null","90","8","3","3"
"trabajo","583","null","93","8","3","3"
"trabajo","583","null","94","8","3","3"
"trabajo","583","15","96","8","3","3"
"trabajo","583","null","97","8","3","3"
"trabajo","583","14","50","4","3","12"
"trabajo","583","null","15","8","2","13"
"trabajo estable","584","14","5","8","2","3"
"trabajo estable","584","13","19","8","2","3"
"traficantes","585","14","51","4","3","5"
"traición","586","16","1","8","2","17"
"traición","586","14","5","8","2","17"
"traición","586","13","18","8","2","17"
"tranquilidad","587","14","58","4","3","13"
"tranquilidad","587","14","62","4","3","13"
"tranquilidad","587","14","66","4","3","13"
"tranquilidad","587","14","72","4","3","13"
"tranquilidad","587","14","78","4","3","13"
"tranquilidad","587","null","97","8","3","13"
"tristeza","588","13","28","8","2","2"
"tristeza","588","13","14","8","2","4"
"tristeza","588","13","26","8","2","4"
"tristeza","588","13","28","8","2","4"
"tristeza","588","13","34","8","2","4"
"tristeza","588","13","35","8","2","4"
"tristeza","588","15","45","4","3","4"
"tristeza","588","15","48","4","3","4"
"tristeza","588","14","49","4","3","4"
"tristeza","588","14","50","4","3","4"
"tristeza","588","14","56","4","3","4"
"tristeza","588","15","60","4","3","4"
"tristeza","588","15","61","4","3","4"
"tristeza","588","14","64","4","3","4"
"tristeza","588","14","67","4","3","4"
"tristeza","588","14","78","4","3","4"
"tristeza","588","15","82","8","3","4"
"tristeza","588","null","83","8","3","4"
"tristeza","588","14","66","4","3","10"
"tristeza","588","null","83","8","3","10"
"tristeza","588","13","27","8","2","15"
"tristeza","588","13","29","8","2","15"
"tristeza","588","14","41","4","3","15"
"tristeza","588","14","42","4","3","15"
"tristeza","588","14","50","4","3","15"
"tristeza","588","14","53","4","3","15"
"tristeza","588","14","58","4","3","15"
"tristeza","588","14","66","4","3","15"
"tristeza","588","15","77","4","3","15"
"tristeza","588","14","78","4","3","15"
"tristeza","588","15","82","8","3","15"
"tristeza","588","16","84","8","3","15"
"tristeza","588","14","86","8","3","15"
"tristeza","588","14","87","8","3","15"
"tristeza","588","15","89","8","3","15"
"unión","589","15","48","4","3","12"
"universidad","590","14","68","4","3","3"
"valor","591","14","2","8","2","10"
"valoración mutua","592","14","78","4","3","10"
"valorada","593","13","33","8","2","17"
"variación","594","13","9","8","2","4"
"vergüenza","595","14","49","4","3","10"
"viajes","596","14","53","4","3","3"
"viajes","596","15","96","8","3","3"
"vicio","597","15","55","4","3","5"
"vicio","597","14","57","4","3","5"
"vicio","597","14","49","4","3","6"
"vicio","597","14","50","4","3","6"
"vicio","597","14","78","4","3","6"
"vicio","597","null","79","8","3","6"
"vicio","597","null","80","8","3","6"
"vicio","597","16","84","8","3","6"
"vicio","597","14","87","8","3","6"
"vicio","597","null","88","8","3","6"
"vicio","597","14","91","8","3","6"
"vicio","597","14","95","8","3","6"
"vicio","597","14","100","8","3","6"
"vicios","598","13","9","8","2","5"
"vicios","598","13","34","8","2","5"
"vicios","598","14","86","8","3","5"
"vicios","598","14","98","8","3","5"
"vida","599","14","23","8","2","3"
"vida","599","14","50","4","3","3"
"vida larga","600","14","41","4","3","3"
"videojuegos","601","13","20","8","2","11"
"videojuegos","601","13","30","8","2","11"
"videojuegos","601","13","35","8","2","11"
"videojuegos","601","13","38","8","2","11"
"videojuegos","601","13","39","8","2","11"
"videojuegos","601","15","82","8","3","11"
"videojuegos","601","16","84","8","3","11"
"videojuegos","601","14","87","8","3","11"
"videojuegos","601","15","96","8","3","11"
"videojuegos","601","14","101","8","3","11"
"videos","602","14","2","8","2","11"
"vih","603","13","10","8","2","9"
"violación","604","14","4","8","2","2"
"violación","604","14","5","8","2","2"
"violación","604","13","6","8","2","2"
"violación","604","13","11","8","2","2"
"violación","604","13","12","8","2","2"
"violación","604","14","13","8","2","2"
"violación","604","13","14","8","2","2"
"violación","604","13","18","8","2","2"
"violación","604","13","36","8","2","2"
"violación","604","15","46","4","3","2"
"violación","604","15","55","4","3","2"
"violación","604","14","78","4","3","2"
"violación","604","null","83","8","3","2"
"violencia","605","14","23","8","2","2"
"violencia","605","14","66","4","3","2"
"violencia","605","14","67","4","3","2"
"violencia","605","14","74","4","3","2"
"violencia","605","14","78","4","3","2"
"violencia","605","14","86","8","3","2"
"violencia","605","15","89","8","3","6"
"vivir","606","null","80","8","3","13"
"whatsapp","607","15","47","4","3","11"
"wifi","608","15","82","8","3","11"
"yo","609","null","59","4","3","3"
"yo","609","14","73","4","3","3"
"yo","609","null","71","4","3","12"
"yo","609","null","59","4","3","13"
"yo","609","null","71","4","3","13"
"yo","609","14","91","8","3","17"
"yo","609","14","101","8","3","17"
"youtube","610","null","75","4","3","11"